[{"model": "mmsapi.episode", "pk": 1, "fields": {"title": "Media Monday Show - Episode 1", "blurb": "We discuss: What we plan to do with the podcast, What's new on Netflix and Amazon and in the movie theaters, What we're watching, What we want to watch, Your recommendations and Our Recommendations.\n", "host_comments": "", "start_date": "2018-01-29", "url": "Media-Monday-Show---Episode-1-e8rte6", "episode_type": "Full"}}, {"model": "mmsapi.episode", "pk": 2, "fields": {"title": "Media Monday Show - Episode 2 - Tasteful Dicks", "blurb": "Episode 2 discusssing Upcoming Marvel movies, recent netflix, amazon, television and movies for the month of february 2018.\n", "host_comments": "", "start_date": "2018-02-12", "url": "Media-Monday-Show---Episode-2---Tasteful-Dicks-e8rtdv", "episode_type": "Full"}}, {"model": "mmsapi.episode", "pk": 3, "fields": {"title": "Media Monday Show - Episode 3 - Tonya's Game", "blurb": "Episode 3: We talk about post-olympics tv and what we've been watching, including Black Panther and oscar movies.\n", "host_comments": "", "start_date": "2018-02-26", "url": "Media-Monday-Show---Episode-3---Tonyas-Game-e8rtcc", "episode_type": "Full"}}, {"model": "mmsapi.episode", "pk": 4, "fields": {"title": "Media Monday Show - Episode 4 - FUBG", "blurb": "Episode 4 - Mid season replacement season. We mostly cover what shows are coming out on netflix, hulu, amazon and traditional television over the next couple weeks. We briefly discuss what we've been watching and your suggestions.\n", "host_comments": "", "start_date": "2018-03-12", "url": "Media-Monday-Show---Episode-4---FUBG-e8rtco", "episode_type": "Full"}}, {"model": "mmsapi.episode", "pk": 5, "fields": {"title": "Media Monday Show - Episode 5 - Marky-Mark-Off - With Futurewife", "blurb": "John and Geno and Becca discuss upcoming shows and movies and what we've been watching.\n", "host_comments": "", "start_date": "2018-03-26", "url": "Media-Monday-Show---Episode-5---Marky-Mark-Off---With-Futurewife-e8rtcu", "episode_type": "Full"}}, {"model": "mmsapi.episode", "pk": 6, "fields": {"title": "Media Monday Show - Episode 6 - Timey Zoney Stuff", "blurb": "Discussion of TV and Movies: now with more random tangents\n", "host_comments": "", "start_date": "2018-04-09", "url": "Media-Monday-Show---Episode-6---Timey-Zoney-Stuff-e8rtdl", "episode_type": "Full"}}, {"model": "mmsapi.episode", "pk": 7, "fields": {"title": "Media Monday Show - Episode 7 - Happiness in Your Household", "blurb": "West world ama, netflix future, incoming death of moviepass, latest tv and movies, super troopers 2\n", "host_comments": "", "start_date": "2018-04-23", "url": "Media-Monday-Show---Episode-7---Happiness-in-Your-Household-e8rtdo", "episode_type": "Full"}}, {"model": "mmsapi.episode", "pk": 8, "fields": {"title": "Media Monday Show - Episode 8 - Spoiler Wars", "blurb": "55 minutes of talking about normal stuff followed by 20 minutes talking about Infinity War. You have been warned.\n", "host_comments": "", "start_date": "2018-05-07", "url": "Media-Monday-Show---Episode-8---Spoiler-Wars-e8rtc7", "episode_type": "Full"}}, {"model": "mmsapi.episode", "pk": 9, "fields": {"title": "Media Monday Show - Episode 9 - Superior Bagels (canceled?)", "blurb": "Cancellations show. We discuss what was announced as canceled at this year’s upfronts and we’ll talk about what we’re watching and get sad about the overlap.\n", "host_comments": "", "start_date": "2018-05-21", "url": "Media-Monday-Show---Episode-9---Superior-Bagels-canceled-e8rte0", "episode_type": "Full"}}, {"model": "mmsapi.episode", "pk": 10, "fields": {"title": "Media Monday Show - Episode 10 - Siri, Kick Some Ass", "blurb": "We discuss our usual upcoming tv/movies and what we've been watching.\n\nSpecifically we discuss Deadpool2 and Solo this time.\n", "host_comments": "", "start_date": "2018-06-04", "url": "Media-Monday-Show---Episode-10---Siri--Kick-Some-Ass-e8rtd0", "episode_type": "Full"}}, {"model": "mmsapi.episode", "pk": 11, "fields": {"title": "Media Monday Show - Episode 11 - She likes weird sex...", "blurb": "John and Geno discuss tv shows and movies coming in June 2018 and what they've been watching.\n", "host_comments": "", "start_date": "2018-06-18", "url": "Media-Monday-Show---Episode-11---She-likes-weird-sex-e8rtd3", "episode_type": "Full"}}, {"model": "mmsapi.episode", "pk": 12, "fields": {"title": "Media Monday Show - Episode 12 - You're It", "blurb": "Geno and John discuss Tv and Movies. AMC Stubbs A-list, Movie pass changes, and what we're watching. Including Tag.\n", "host_comments": "", "start_date": "2018-07-02", "url": "Media-Monday-Show---Episode-12---Youre-It-e8rtcj", "episode_type": "Full"}}, {"model": "mmsapi.episode", "pk": 13, "fields": {"title": "Media Monday Show - Episode 13 - Different Nashon", "blurb": "We discuss Moviepass' surge pricing. New TV and Movies and What we're watching.\n", "host_comments": "", "start_date": "2018-07-16", "url": "Media-Monday-Show---Episode-13---Different-Nashon-e8rtdj", "episode_type": "Full"}}, {"model": "mmsapi.episode", "pk": 14, "fields": {"title": "Media Monday Show - Episode 14 - farts and boners", "blurb": "Geno and John talk about tv shows and movies that are coming out and what we've been watching. Spoilers for Jurrasic World and Ant Man and the Wasp.\n", "host_comments": "", "start_date": "2018-07-30", "url": "Media-Monday-Show---Episode-14---farts-and-boners-e8rtd5", "episode_type": "Full"}}, {"model": "mmsapi.episode", "pk": 15, "fields": {"title": "Media Monday Show - Episode 15 - The Hollow Package", "blurb": "Geno and John discuss TV and Movies, the Fantasy Movie League, and what's probably Moviepass' final pivot.\n", "host_comments": "", "start_date": "2018-08-13", "url": "Media-Monday-Show---Episode-15---The-Hollow-Package-e8rtd7", "episode_type": "Full"}}, {"model": "mmsapi.episode", "pk": 16, "fields": {"title": "Media Monday Show - Episode 16 - Out Comes The Guns", "blurb": "We discuss Tv and Movies - Crazy Rich Asians, Happytime Murders.\nMoviepass is a Hard Pass.\n", "host_comments": "", "start_date": "2018-08-27", "url": "Media-Monday-Show---Episode-16---Out-Comes-The-Guns-e8rtdc", "episode_type": "Full"}}, {"model": "mmsapi.episode", "pk": 17, "fields": {"title": "Media Monday Show - Episode 17 - Don't unsub because we mention kevin spacey", "blurb": "This week we talk about new tv and movies on netflix, amazon, hulu and traditional tv.\nNew season of Fantasy Movie League: Join us in the Media Monday Show league with the password \"Geno\"\nJohn saw Peppermint.\n", "host_comments": "", "start_date": "2018-09-10", "url": "Media-Monday-Show---Episode-17---Dont-unsub-because-we-mention-kevin-spacey-e8rtcd", "episode_type": "Full"}}, {"model": "mmsapi.episode", "pk": 18, "fields": {"title": "Media Monday Show - Episode 18 - Fall Lineup 2018", "blurb": "We run through all the new tv coming in the 2 weeks of 9/24 to 10/7. As well as movies and what we've been watching.\n", "host_comments": "", "start_date": "2018-09-24", "url": "Media-Monday-Show---Episode-18---Fall-Lineup-2018-e8rtdb", "episode_type": "Full"}}, {"model": "mmsapi.episode", "pk": 19, "fields": {"title": "Media Monday Show - Episode 19 - F Batman", "blurb": "New shows on Netflix, Hulu, Amazon and traditional Tv. As well as a new series on DC Universe?\n", "host_comments": "", "start_date": "2018-10-08", "url": "Media-Monday-Show---Episode-19---F-Batman-e8rtdh", "episode_type": "Full"}}, {"model": "mmsapi.episode", "pk": 20, "fields": {"title": "Media Monday Show - Episode 20 - Yap Steels the Candy", "blurb": "Netflix Cancelations. New TV Shows and Movies. Fanatasy Movie League. We talk about Venom.\n", "host_comments": "", "start_date": "2018-10-22", "url": "Media-Monday-Show---Episode-20---Yap-Steels-the-Candy-e8rtd4", "episode_type": "Full"}}, {"model": "mmsapi.episode", "pk": 21, "fields": {"title": "Media Monday Show - Episode 21 - Old Timey Best Friend Time", "blurb": "We discuss tv and movies staring 11/5/2018. We also talk about Fargo.\n", "host_comments": "", "start_date": "2018-11-05", "url": "Media-Monday-Show---Episode-21---Old-Timey-Best-Friend-Time-e8rtct", "episode_type": "Full"}}, {"model": "mmsapi.episode", "pk": 22, "fields": {"title": "Media Monday Show - Episode 22 - It's Gonna Be Mei", "blurb": "Episode 22 for 11/19/2018. Christmas season means new TV is slow, but Geno's watched a lot. We discuss The Good Place and South Park and Fantastic Beats 2.\n", "host_comments": "", "start_date": "2018-11-19", "url": "Media-Monday-Show---Episode-22---Its-Gonna-Be-Mei-e8rtck", "episode_type": "Full"}}, {"model": "mmsapi.episode", "pk": 23, "fields": {"title": "Media Monday Show - Episode 23 - Tie Up and Trophy", "blurb": "We wrap up the summer season of the fantasy movie league.\nWe talk about Sinemia Physical Cards.\nAnd of course, upcoming tv and movies.\n", "host_comments": "", "start_date": "2018-12-03", "url": "Media-Monday-Show---Episode-23---Tie-Up-and-Trophy-e8rtci", "episode_type": "Full"}}, {"model": "mmsapi.episode", "pk": 24, "fields": {"title": "Media Monday Show - Episode 24 - The Thorening", "blurb": "Lots of enetertainment news, Lots of new movies coming out on the 21st. Marry Poppins, Aquamana, Bubblee...etc.\nBeen watching a lot as well.\nJoin our Fantasy Movie League - Media Monday Show League. Password \"Geno\"\n", "host_comments": "", "start_date": "2018-12-17", "url": "Media-Monday-Show---Episode-24---The-Thorening-e8rtcp", "episode_type": "Full"}}, {"model": "mmsapi.episode", "pk": 25, "fields": {"title": "Media Monday Show - Episode 25 - Happy Forking New Year", "blurb": "Same ole News, New Releases, and what We're watching and then our top 10 list of things.\n", "host_comments": "", "start_date": "2018-12-31", "url": "Media-Monday-Show---Episode-25---Happy-Forking-New-Year-e8rtd1", "episode_type": "Full"}}, {"model": "mmsapi.episode", "pk": 26, "fields": {"title": "Media Monday Show - Episode 26 - Johnny Pneumonia", "blurb": "We discuss fantasy movie league, tv and movie news, what's coming out over the next 2 weeks and what we've been watching.\nSteven universe, Bob's Burgers, Brooklyn 99 Premiere\n", "host_comments": "", "start_date": "2019-01-14", "url": "Media-Monday-Show---Episode-26---Johnny-Pneumonia-e8rtdt", "episode_type": "Full"}}, {"model": "mmsapi.episode", "pk": 27, "fields": {"title": "Media Monday Show - Episode 27 - Balls Deep in Popcorn", "blurb": "We discuss netflix price hike, aquaman earnings, new tv and movies and what we've been watching.\n", "host_comments": "", "start_date": "2019-01-28", "url": "Media-Monday-Show---Episode-27---Balls-Deep-in-Popcorn-e8rtc8", "episode_type": "Full"}}, {"model": "mmsapi.episode", "pk": 28, "fields": {"title": "Media Monday Show - Episode 28 - Lower Case eno", "blurb": "This episode we talk about both new chucky movies, the upcoming avatar the last air bender live action series, new tv shows and movies, as well as what we're watching.\n", "host_comments": "", "start_date": "2019-02-11", "url": "Media-Monday-Show---Episode-28---Lower-Case-eno-e8rtcf", "episode_type": "Full"}}, {"model": "mmsapi.episode", "pk": 29, "fields": {"title": "Media Monday Show - Episode 29 - Netflix tells John to f Off", "blurb": "TV and Movie news. Oscar Guesses. What's new. What we've been watching.\n\nEnd of the award season Fantasy Movie League.\n\nJoin our league \"Media Monday Show\" with the password \"Geno\"\n", "host_comments": "", "start_date": "2019-02-25", "url": "Media-Monday-Show---Episode-29---Netflix-tells-John-to-f-Off-e8rtc9", "episode_type": "Full"}}, {"model": "mmsapi.episode", "pk": 30, "fields": {"title": "Media Monday Show - Episode 30 - Oscar Recap", "blurb": "the News, Recap of the Oscars, Fantasy Movie League, and What we've been watching.\n", "host_comments": "", "start_date": "2019-03-11", "url": "Media-Monday-Show---Episode-30---Oscar-Recap-e8rtde", "episode_type": "Full"}}, {"model": "mmsapi.episode", "pk": 31, "fields": {"title": "Media Monday Show - Episode 31 - Who was in Avatar again?", "blurb": "Marvel movie news. James Gun in GotG 3. Critical Role's kickstarter record. John poses the question \"who was in avatar?\" and we discuss tv shows we're ready to give up on. Along with new releases and Fantasy Movie League speculation.\n", "host_comments": "", "start_date": "2019-03-25", "url": "Media-Monday-Show---Episode-31---Who-was-in-Avatar-again-e8rtdq", "episode_type": "Full"}}, {"model": "mmsapi.episode", "pk": 32, "fields": {"title": "Media Monday Show - Episode 32 - Lit as Toit", "blurb": "In this episode we talk about the news, fantasy movie league, what we've been watching and John overuses the word Lit.\n", "host_comments": "", "start_date": "2019-04-08", "url": "Media-Monday-Show---Episode-32---Lit-as-Toit-e8rte9", "episode_type": "Full"}}, {"model": "mmsapi.episode", "pk": 33, "fields": {"title": "Media Monday Show - Episode 33 - Easter Flu", "blurb": "We talk about Fantasy Movie League, Disney + and Disney's plans for the x-men. We play a game with the biggest flops of 2018. We talk about a few things coming out soon and what we've been watching.\n", "host_comments": "", "start_date": "2019-04-22", "url": "Media-Monday-Show---Episode-33---Easter-Flu-e8rtcn", "episode_type": "Full"}}, {"model": "mmsapi.episode", "pk": 34, "fields": {"title": "Media Monday Show - Episode 34 - Coff-in", "blurb": "We talk about Endgame making the big bucks and other news. Play a game about the biggest money makers, and discuss new releases and what we've been watching.\n", "host_comments": "", "start_date": "2019-05-06", "url": "Media-Monday-Show---Episode-34---Coff-in-e8rtcr", "episode_type": "Full"}}, {"model": "mmsapi.episode", "pk": 35, "fields": {"title": "Media Monday Show - Episode 35 - Minisaur", "blurb": "We talk about the news - georgia movie business, netflix UK top 10, Rick and Morty and Game of Thrones viewers want a do-over. (no game of thrones spoilers).\nNew releases - good omens, swamp thing, streaming movies.\nTheatrical movies - Aladdin, Booksmart, Godzilla: King of Monsters\nAnd What We've been watching!\n", "host_comments": "", "start_date": "2019-05-20", "url": "Media-Monday-Show---Episode-35---Minisaur-e8rtca", "episode_type": "Full"}}, {"model": "mmsapi.episode", "pk": 36, "fields": {"title": "Media Monday Show - Episode 36 - All Game Shows All the Time", "blurb": "We talk about a little news, new shows coming in the next two weeks, and what we've been watching, including Aladdin, John Wick 3, Booksmart and Godzilla: king Of Monsters.\n", "host_comments": "", "start_date": "2019-06-03", "url": "Media-Monday-Show---Episode-36---All-Game-Shows-All-the-Time-e8rtdg", "episode_type": "Full"}}, {"model": "mmsapi.episode", "pk": 37, "fields": {"title": "Media Monday Show - Episode 37 - Mark Hamil-Hamilton", "blurb": "We talk about Fantasy Movie League, which Geno is winning for once! We talk about new releases and what we've been watching and how bad Dark Phoenix and Men in Black International are.\n", "host_comments": "", "start_date": "2019-06-17", "url": "Media-Monday-Show---Episode-37---Mark-Hamil-Hamilton-e8rtdd", "episode_type": "Full"}}, {"model": "mmsapi.episode", "pk": 38, "fields": {"title": "Media Monday Show - Episode 38 - Nazis vs Nuns", "blurb": "This episode we discuss fantasy movie league and how John can come from behind by picking the perfect cineplex.\nWe discuss a few news things and upcoming tv, including Netflix's Blown Away, and upcoming movies.\nWe shoot the shoot the shit like fucking cocksuckers and hit our tight 90.\n", "host_comments": "", "start_date": "2019-07-01", "url": "Media-Monday-Show---Episode-38---Nazis-vs-Nuns-e8rtcv", "episode_type": "Full"}}, {"model": "mmsapi.episode", "pk": 39, "fields": {"title": "Media Monday Show - Episode 39 - Blown Away by Personal Gloryholes", "blurb": "We discuss Fantasy Move Leage: Media Monday Show League. Password: Geno.\nWe discuss some news about the mandalorian and mortal lombardi.\nWe cover new releases like Netflix's Another Life and Amazon's The Boys.\nAnd then what we've been watching, like Netflix's Blown Away.\n", "host_comments": "", "start_date": "2019-07-15", "url": "Media-Monday-Show---Episode-39---Blown-Away-by-Personal-Gloryholes-e8rte2", "episode_type": "Full"}}, {"model": "mmsapi.episode", "pk": 40, "fields": {"title": "Media Monday Show - Episode 40 - The Cougar Episode", "blurb": "We discuss all the SDCC Marvel news. Some upcoming tv and movies, and what we're watching.\n", "host_comments": "", "start_date": "2019-07-29", "url": "Media-Monday-Show---Episode-40---The-Cougar-Episode-e8rtch", "episode_type": "Full"}}, {"model": "mmsapi.episode", "pk": 41, "fields": {"title": "Media Monday Show - Episode 41 - Orgasm is my trigger word", "blurb": "We talk about how we should be dating younger podcasts.\nWe unfortunately discuss the fantasy movie league for the week.\nWe talk about new series and get excited that Harmonquest is coming back.\nWe talk about new movies and what we've been watching.\n", "host_comments": "", "start_date": "2019-08-12", "url": "Media-Monday-Show---Episode-41---Orgasm-is-my-trigger-word-e8rtd6", "episode_type": "Full"}}, {"model": "mmsapi.episode", "pk": 42, "fields": {"title": "Media Monday Show - Episode 42 - Tuesday Monday Show", "blurb": "We talk about Fantasy Movie League and how that season is wrapping up.\n\nJoing us in Fantasy Movie league: Media Monday Show: Password Geno.\n\nWe talk about the News and How Disney is doing all the things and not agreeing with Sony over Spiderman.\nWe discuss new releases and what we've been watching. like Good Boys and Angel Has Fallen.\n", "host_comments": "", "start_date": "2019-08-27", "url": "Media-Monday-Show---Episode-42---Tuesday-Monday-Show-e8rtcg", "episode_type": "Full"}}, {"model": "mmsapi.episode", "pk": 43, "fields": {"title": "Media Monday Show - Episode 43 - Carson Daly, If you're listening...", "blurb": "We discuss Fantasy Movie League.\nWe play a 1 star review game.\nWe discuss new releases and what we've been watching.\n", "host_comments": "", "start_date": "2019-09-09", "url": "Media-Monday-Show---Episode-43---Carson-Daly--If-youre-listening-e8rtcq", "episode_type": "Full"}}, {"model": "mmsapi.episode", "pk": 44, "fields": {"title": "Media Monday Show - Episode 44 - Fall TV Preview", "blurb": "We discuss the fantasy movie league.\nSome news, including new shows coming on Peacock. (Peacock?).\nWe discuss all the new shows coming on network tv for the next 2 weeks.\nWe discuss upcoming movies.\nAnd what we've been watching.\nSpoilers: (Toy Story 3 makes us cry)\n", "host_comments": "", "start_date": "2019-09-23", "url": "Media-Monday-Show---Episode-44---Fall-TV-Preview-e8rtda", "episode_type": "Full"}}, {"model": "mmsapi.episode", "pk": 45, "fields": {"title": "Media Monday Show - Episode 45 - Shop Talk and Stuff", "blurb": "We discuss Fantasy Movie League.\nTalk the news and how spiderman's back in the MCU.\nWe discuss new releases, with a lot of halloween themed movies.\nWe discuss upcoming theater movies, including Gemeni Man, and JoJo Rabbit.\nAnd, of course, we talk about what we've been watching.\n", "host_comments": "", "start_date": "2019-10-07", "url": "Media-Monday-Show---Episode-45---Shop-Talk-and-Stuff-e8rtdf", "episode_type": "Full"}}, {"model": "mmsapi.episode", "pk": 46, "fields": {"title": "Media Monday Show - Episode 46 - John Quits At The End", "blurb": "We go over Fantasy Movie League - Fall2019 - Week 7.\n\nWe touch on the news.\nWe talk about all the upcoming releases for the next 2 weeks, including a lot of Apple TV+\nWe talk about what we're watching.\nAnd then John Quits.\n", "host_comments": "", "start_date": "2019-10-21", "url": "Media-Monday-Show---Episode-46---John-Quits-At-The-End-e8rtcb", "episode_type": "Full"}}, {"model": "mmsapi.episode", "pk": 47, "fields": {"title": "Media Monday Show - Episode 47 - Apple Disney Plus Ultra", "blurb": "We defeatedly discuss fantasy movie league.\nWe cover the news, including HBO Max's new shows.\nWe talk about the upcoming new shows from new service Disney Plus.\nWe cover upcoming movies, like Doctor Sleep and Charlie's Angels.\nAnd, of course, we talk about what we've been watching.\n", "host_comments": "", "start_date": "2019-11-04", "url": "Media-Monday-Show---Episode-47---Apple-Disney-Plus-Ultra-e8rtea", "episode_type": "Full"}}, {"model": "mmsapi.episode", "pk": 48, "fields": {"title": "Media Monday Show - Episode 48 - The New Merry Happy One Show", "blurb": "<p>We unhappily discuss fantasy movie league.</p>\n<p>We talk about the news and Disney + Stuff.</p>\n<p>We cover the limited new releases around thanksgiving.</p>\n<p>And of course, what we're watching.</p>\n", "host_comments": "", "start_date": "2019-11-18", "url": "Media-Monday-Show---Episode-48---The-New-Merry-Happy-One-Show-e91npk", "episode_type": "full"}}, {"model": "mmsapi.episode", "pk": 49, "fields": {"title": "Media Monday Show - Episode 49 - Shortest Episode Ever", "blurb": "<p>We quickly talk about Fantasy Movie League.</p>\n<p>Hit some news about Disney + and Discuss the flopping of Charlie's Angels.</p>\n<p>We cover some new releases and all the Christmas Things.</p>\n<p>Talk about new movies coming out and of course, what we're watching.</p>\n", "host_comments": "", "start_date": "2019-12-02", "url": "Media-Monday-Show---Episode-49---Shortest-Episode-Ever-e997s7", "episode_type": "full"}}, {"model": "mmsapi.episode", "pk": 50, "fields": {"title": "Media Monday Show - Episode 50 - We're Sorry", "blurb": "<p>Episode 50!</p>\n<p>We talk about fantasy movie league and a little bit of the news.</p>\n<p>We play a game about best and worst movies per actor.</p>\n<p>We talk about the new releases, including the rise of skywalker</p>\n<p>And, of course, what we've been watching.</p>\n", "host_comments": "", "start_date": "2019-12-16", "url": "Media-Monday-Show---Episode-50---Were-Sorry-e9i1q1", "episode_type": "full"}}, {"model": "mmsapi.episode", "pk": 51, "fields": {"title": "Media Monday Show - Episode 51 - Our Year End Spectacular", "blurb": "<p>We talk about Fantasy Movie league and the news.</p>\n<p>We go over our best and worst movies for both the year and the decade.</p>\n<p>We talk about new releases and what we've been watching.</p>\n", "host_comments": "", "start_date": "2019-12-30", "url": "Media-Monday-Show---Episode-51---Our-Year-End-Spectacular-e9tb5p", "episode_type": "full"}}, {"model": "mmsapi.episode", "pk": 52, "fields": {"title": "Media Monday Show - Episode 52 - Two Years of This Crap!", "blurb": "<p>We discuss fantasy movie league and the news.</p>\n<p>John tries his hand at a titantic themed buzzfeed quiz.</p>\n<p>We cover some new releases on tv and in the theaters.</p>\n<p>We cover what we've been watching and back by popular demand, Best of the Year!</p>\n<p>Give us some voice comments at https://anchor.fm/media-monday-show/message</p>\n<p>Email us at mediamondayshow@gmail.com</p>\n<p>Join us on Fantasy Movie League</p>\n", "host_comments": "", "start_date": "2020-01-13", "url": "Media-Monday-Show---Episode-52---Two-Years-of-This-Crap-ea500n", "episode_type": "full"}}, {"model": "mmsapi.episode", "pk": 53, "fields": {"title": "Episode 53 - Terrible Tews", "blurb": "<p>We talk about Fanatasy Movie league.</p>\n<p>We cover a lot of smaller news stories including build a baby yoda.</p>\n<p>We talk about upcoming new releases, like Locke &amp; Key.</p>\n<p>And of course we cover what we've been watching.</p>\n<p><br></p>\n<p>Leave us a voice message at message.mediamondayshow.com</p>\n<p>Join our &nbsp;fantasy movie league!</p>\n", "host_comments": "", "start_date": "2020-01-27", "url": "Episode-53---Terrible-Tews-eaeqme", "episode_type": "full"}}, {"model": "mmsapi.episode", "pk": 54, "fields": {"title": "Episode 54 - Oscars 2020 Predictions", "blurb": "<p>We talk about fantasy movie league - Join us at fantasymovieleague.com with the media monday show league. Password is Geno.</p>\n<p>We cover a bunch of news: Doctor Strange 2 gets a new director and head writer and Release dates for some Disney + Shows.</p>\n<p>We give our oscar predictions for a few major categories and we'll see if we're right in the next episode.</p>\n<p>We cover some new releases.</p>\n<p>And what we've been watching.</p>\n", "host_comments": "", "start_date": "2020-02-10", "url": "Episode-54---Oscars-2020-Predictions-eanmnk", "episode_type": "full"}}, {"model": "mmsapi.episode", "pk": 55, "fields": {"title": "Episode 55 - High Fives!", "blurb": "<p>We cover Fantasy Movie League and it's last minute changes.</p>\n<p>We cover our poor Oscar's predictions.</p>\n<p>We play a game about video game movies.</p>\n<p>We talk about new releases both TV and Movies.</p>\n<p>And we talk about what we've been watching. Spoilers: Parasite was weird.</p>\n", "host_comments": "", "start_date": "2020-02-24", "url": "Episode-55---High-Fives-eb18ps", "episode_type": "full"}}, {"model": "mmsapi.episode", "pk": 56, "fields": {"title": "Episode 56 - Owned by the Mouse", "blurb": "<p>We cover week 1 of the spring 2020 Fantasy Movie League season.</p>\n<p>Join us at Fantasymovieleague.com. Media Monday Show league.</p>\n<p>We cover some news - Apple doesn't let bad guys use their phones, and south by southwest is canceled.</p>\n<p>We cover new releases in streaming tv and movies.</p>\n<p>We talk about what we've been watching - including Brooklyn 99 and Zoey's Extraordinary Playlist.</p>\n", "host_comments": "", "start_date": "2020-03-09", "url": "Episode-56---Owned-by-the-Mouse-ebc779", "episode_type": "full"}}, {"model": "mmsapi.episode", "pk": 57, "fields": {"title": "Episode 57 - Deep Throat Fakes", "blurb": "<p>Fantasy Movie League is paused.</p>\n<p>All american theaters are closed.</p>\n<p>We're in quarantine and everything is delayed.</p>\n<p>But, we've still got new releases, and theater movies being on demand.</p>\n<p>And of course, we talk about all the things we're watching while stuck at home.</p>\n", "host_comments": "", "start_date": "2020-03-23", "url": "Episode-57---Deep-Throat-Fakes-ebq4hs", "episode_type": "full"}}, {"model": "mmsapi.episode", "pk": 58, "fields": {"title": "Episode 58 is not in my ass", "blurb": "<p>We're doing okay. How are you?</p>\n<p>There's no Fantasy Movie League to talk about.</p>\n<p>We talk about the news and all the movies pushed back to next year. Also, Rick and Morty comes back May 3rd!</p>\n<p>New releases, including Brews Brothers!</p>\n<p>Trolls World Tour comes out on VOD.</p>\n<p>And we talk about what we've been watching. Spoilers: Geno loves Dispatches from Elsewhere.</p>\n", "host_comments": "", "start_date": "2020-04-06", "url": "Episode-58-is-not-in-my-ass-ecd0kd", "episode_type": "full"}}, {"model": "mmsapi.episode", "pk": 59, "fields": {"title": "Episode 59 - The 4/20 Episode.", "blurb": "<p>You might think we were stoned when recording this episode, but we weren't.</p>\n<p>We play go through the top 14 stoner movies for april 20th.</p>\n<p>We talk about a little news and a live action robin hood animal movie coming to Disney Plus.</p>\n<p>We talk about new shows coming out and Rick and Morty coming back on 5/3.</p>\n<p>We talk about movies that are becoming available to rent/buy.</p>\n<p>And we talk about what we've been watching.</p>\n", "host_comments": "", "start_date": "2020-04-20", "url": "Episode-59---The-420-Episode-ed0d35", "episode_type": "full"}}, {"model": "mmsapi.episode", "pk": 60, "fields": {"title": "Episode 60 - The Show After the Storm", "blurb": "<p>We play a game about the most expensive movies.</p>\n<p>We talk about new releases, including Solar Opposites.</p>\n<p>We talk about VOD Movies - like Scoob</p>\n<p>And, of course, we talk about what we're watching: Including What we do in the Shadows and Upload.</p>\n", "host_comments": "", "start_date": "2020-05-04", "url": "Episode-60---The-Show-After-the-Storm-edj0e2", "episode_type": "full"}}, {"model": "mmsapi.episode", "pk": 61, "fields": {"title": "Episode 61 - Almost as much filler as Bleach", "blurb": "<p>The world is in a pandemic, so:</p>\n<p>We're light on the news.</p>\n<p>We're light on new releases. However, Space Force is coming!</p>\n<p>We're not light on what we've been watching.</p>\n<p>Both of us have been watching What We Do In the Shadows and Solar Opposites.</p>\n<p>And we talk enough to fill up an episode</p>\n", "host_comments": "", "start_date": "2020-05-18", "url": "Episode-61---Almost-as-much-filler-as-Bleach-ee5ceg", "episode_type": "full"}}, {"model": "mmsapi.episode", "pk": 62, "fields": {"title": "Episode 62 - Collecting Podcast Social Security", "blurb": "<p>Are the oscars getting postponed? Will Rick and Morty go Monthly? Will Tenet release on July 17th?</p>\n<p>We don't know, but we'll talk about it.</p>\n<p>New shows include: \"Crossing Swords\" on Hulu and \"Don't\" on ABC</p>\n<p>Lots of VOD movies to mention.</p>\n<p>And we've been watching Space Force and What We Do in the Shadows.</p>\n", "host_comments": "", "start_date": "2020-06-01", "url": "Episode-62---Collecting-Podcast-Social-Security-eequ47", "episode_type": "full"}}, {"model": "mmsapi.episode", "pk": 63, "fields": {"title": "Episode 63 - The one with the sound effects", "blurb": "<p>We play a game with movie music and Geno plays with his soundboard.</p>\n<p>As well as new releases and what we're watching.</p>\n", "host_comments": "", "start_date": "2020-06-15", "url": "Episode-63---The-one-with-the-sound-effects-efd2dl", "episode_type": "full"}}, {"model": "mmsapi.episode", "pk": 64, "fields": {"title": "When We're 64", "blurb": "<p>Episode 64!</p>\n<p>We discuss the news including theaters planning to reopen while new movies are pushed back.</p>\n<p>We discuss new releases including Warrior Nun and Hamilton on Disney +.</p>\n<p>And what we're watching, including What We Do in the Shadows and Taskmaster.</p>\n", "host_comments": "", "start_date": "2020-06-29", "url": "When-Were-64-eg25qf", "episode_type": "full"}}, {"model": "mmsapi.episode", "pk": 65, "fields": {"title": "Episode 65 - Hoping to Get Kidnapped", "blurb": "<p>We discuss the buzz around Hamilton.</p>\n<p>We hit some news and some new releases.</p>\n<p>Peacock comes out this week.</p>\n<p>And we talk about what we've been watching. Including Floor is Lava.</p>\n", "host_comments": "", "start_date": "2020-07-13", "url": "Episode-65---Hoping-to-Get-Kidnapped-eglbi0", "episode_type": "full"}}, {"model": "mmsapi.episode", "pk": 66, "fields": {"title": "Episode 66 - Radio Breasts", "blurb": "<p>We play a game about translated movie titles.</p>\n<p>We cover some news including animated series getting ordered more seasons and big movies getting pulled.</p>\n<p>We cover new releases and VOD movies.</p>\n<p>And what we're watching.</p>\n", "host_comments": "", "start_date": "2020-07-27", "url": "Episode-66---Radio-Breasts-eh8jdl", "episode_type": "full"}}, {"model": "mmsapi.episode", "pk": 67, "fields": {"title": "episode 67 - Jay Demarcus is the bottom of the barrel", "blurb": "<p>We cover the news and Mulan coming to Disney +</p>\n<p>We cover new releases including how everyone, including Jay Demarcus, is getting a reality show.</p>\n<p>We talk about what we're watching, including Close Enough and Taskmaster.</p>\n", "host_comments": "", "start_date": "2020-08-10", "url": "episode-67---Jay-Demarcus-is-the-bottom-of-the-barrel-ehtl7c", "episode_type": "full"}}, {"model": "mmsapi.episode", "pk": 68, "fields": {"title": "Episode 68 - 9x Whale Songs", "blurb": "<p>We start by recommending you listen to our podcast at 1.5x speed.</p>\n<p>Then we talk about the news, and AMC selling out on their reopening day.</p>\n<p>We talk about new releases including a Ridley Scott series and the Boys Season 2.</p>\n<p>We talk about what we've been watching, which includes all the Taskmaster we can get our hands on.</p>\n<p><br></p>\n<p>send us email at Mediamondayshow@gmail.com or leave us a message at message.mediamondayshow.com</p>\n", "host_comments": "", "start_date": "2020-08-24", "url": "Episode-68---9x-Whale-Songs-eih5va", "episode_type": "full"}}, {"model": "mmsapi.episode", "pk": 69, "fields": {"title": "Episode 69 - Nice", "blurb": "<p>Episode 69 Dudes!</p>\n<p>We talk about the news and some things relevant for episode 69.</p>\n<p>We discuss new releases like the Sing On game show and Holey Moley II: The Sequel: The Special: Unhinged: Part One.</p>\n<p>We talk about what we're watching, including Taskmaster and Bill and Ted!</p>\n", "host_comments": "", "start_date": "2020-09-07", "url": "Episode-69---Nice-ej858o", "episode_type": "full"}}, {"model": "mmsapi.episode", "pk": 70, "fields": {"title": "Episode 70 - The Eternal Paul Rudd", "blurb": "<p>We talk about some news.</p>\n<p>We talk about returning shows including The Masked Singer and South Park's Pandemic Special.</p>\n<p>We talk about new shows like Tiny World - which devolves into our jealousy of the eternally young Paul Rudd.</p>\n<p>We talk about what we've been watching, including the documentary Gamemaker.</p>\n", "host_comments": "", "start_date": "2020-09-21", "url": "Episode-70---The-Eternal-Paul-Rudd-eju63u", "episode_type": "full"}}, {"model": "mmsapi.episode", "pk": 71, "fields": {"title": "Episode 71 - subsequent talkycast", "blurb": "<p>Recommending the new chromecast!</p>\n<p>Lots of covid news as things get moved and theaters close.</p>\n<p>New releases, mostly horror things for the month of October.</p>\n<p>And what we've been watching.</p>\n<p><br></p>\n", "host_comments": "", "start_date": "2020-10-05", "url": "Episode-71---subsequent-talkycast-ekim0o", "episode_type": "full"}}, {"model": "mmsapi.episode", "pk": 72, "fields": {"title": "Episode 72 - Tasty Dick Jokes", "blurb": "<p>We put down our Oculus Quest 2 to record a podcast.</p>\n<p>We play a game about movie remakes.</p>\n<p>We talk about the news and how Quibi is F-ed.</p>\n<p>We talk about new releases including Borat 2.</p>\n<p>We talk about what we've been watching, including Raised By Wolves and 3D movies on the oculus.</p>\n", "host_comments": "", "start_date": "2020-10-19", "url": "Episode-72---Tasty-Dick-Jokes-el76a3", "episode_type": "full"}}, {"model": "mmsapi.episode", "pk": 73, "fields": {"title": "Episode 73 - Dirty Pillows", "blurb": "<p>We discuss the sad news of quibi closing down and other things.</p>\n<p>We discuss new shows on quibi and other things.</p>\n<p>We talk about what we've been watching, including \"I'm Sorry\". And we are.</p>\n", "host_comments": "", "start_date": "2020-11-02", "url": "Episode-73---Dirty-Pillows-elt9uj", "episode_type": "full"}}, {"model": "mmsapi.episode", "pk": 74, "fields": {"title": "Episode 74 - His name is Robert... Williams?", "blurb": "<p>We're a little late, but we're still here.</p>\n<p>We talk about the news - HBOMax has a fireTV app finally!</p>\n<p>We talk about new releases - a bunch of reality shows and christmas movies.</p>\n<p>We talk about what we've been watching, including oculus watchalongs of Jackass 3D.</p>\n", "host_comments": "", "start_date": "2020-11-16", "url": "Episode-74---His-name-is-Robert----Williams-emipdj", "episode_type": "full"}}, {"model": "mmsapi.episode", "pk": 75, "fields": {"title": "Episode 75 - 90% Bats", "blurb": "<p>Lots of news!</p>\n<p>We talk about Wonderwoman and Soul coming to streaming on christmas.</p>\n<p>We mention a bunch of holiday themed streaming movies.</p>\n<p>We watched a lot of stuff and we'll talk about Tenet next episode.</p>\n", "host_comments": "", "start_date": "2020-11-30", "url": "Episode-75---90-Bats-en52mu", "episode_type": "full"}}, {"model": "mmsapi.episode", "pk": 76, "fields": {"title": "Episode 76 - All the Streaming New Shows", "blurb": "<p>We cover the news and tons of new shows coming to Disney +.</p>\n<p>HBO Max is going to release all their movies in theaters and on HBO in 2021.</p>\n<p>There's a bunch of christmas themed new streaming shows and movies.</p>\n<p>Also we talk about what we've been watching and maybe we talk about what we didn't last show?</p>\n", "host_comments": "", "start_date": "2020-12-14", "url": "Episode-76---All-the-Streaming-New-Shows-enoral", "episode_type": "full"}}, {"model": "mmsapi.episode", "pk": 77, "fields": {"title": "Episode 77 - Max Extreme", "blurb": "<p>Last full show of the year.</p>\n<p>We talk news including Discovery + launching and the Cheers bar closing.</p>\n<p>We talk new releases including The Great North and The Watch.</p>\n<p>We talk what we've been watching including Wonder Woman 1984.</p>\n", "host_comments": "", "start_date": "2020-12-31", "url": "Episode-77---Max-Extreme-eocui6", "episode_type": "full"}}, {"model": "mmsapi.episode", "pk": 78, "fields": {"title": "Top 20 of 2020!", "blurb": "<p>We go through our list of top 20 of 2020 with some mention of the worst things of 2020.</p>\n", "host_comments": "", "start_date": "2020-12-31", "url": "Top-20-of-2020-eod061", "episode_type": "bonus"}}, {"model": "mmsapi.media", "pk": 1, "fields": {"title": "Batman: Soul of the Dragon", "description": "Bruce Wayne faces a deadly menace from his past, with the help of three former classmates: world-renowned martial artists Richard Dragon, Ben Turner and Lady Shiva.", "poster_url": "https://www.themoviedb.org/t/p/w600_and_h900_bestv2/uDhnTtSxU5a8DtZdbbin3aZmkmU.jpg", "release_date": "2021-01-12", "media_type": "Movie", "external_id": 732450}}, {"model": "mmsapi.media", "pk": 2, "fields": {"title": "Shadow in the Cloud", "description": "A WWII pilot traveling with top secret documents on a B-17 Flying Fortress encounters an evil presence on board the flight.", "poster_url": "https://www.themoviedb.org/t/p/w600_and_h900_bestv2/t7EUMSlfUN3jUSZUJOLURAzJzZs.jpg", "release_date": "2020-12-31", "media_type": "Movie", "external_id": 675327}}, {"model": "mmsapi.media", "pk": 3, "fields": {"title": "The Wrong Fiancé", "description": "When photographer Abby is sent out of town on a job assignment by her editor, Charlotte, she thinks it is the perfect opportunity to escape her nightmarish ex-fiancé, Richard. However, Abby quickly discovers it is impossible to elude him.", "poster_url": "https://www.themoviedb.org/t/p/w600_and_h900_bestv2/f4Rem8TZjMIzhlTzfAfSbhQBct5.jpg", "release_date": "2021-01-08", "media_type": "Movie", "external_id": 784447}}, {"model": "mmsapi.media", "pk": 4, "fields": {"title": "The Wrong Real Estate Agent", "description": "Julie (Vivica A. Fox) and her teenage daughter, Maddie, rent a beautiful house on several acres of land from Charles, a real estate agent they know well and who lives nearby. However, after they move in, strange noises and occurrences lead them to suspect someone else may be living on their property. Andres Londono, Dorian Gregory, Alaya Lee Walton, Tom Sandoval and Gina Hiraizumi also star.", "poster_url": "https://www.themoviedb.org/t/p/w600_and_h900_bestv2/5Sz5nlJENX4Yoc0vRkMZPrOPy9h.jpg", "release_date": "2021-01-01", "media_type": "Movie", "external_id": 782100}}, {"model": "mmsapi.media", "pk": 5, "fields": {"title": "What Happened to Mr Cha?", "description": "With the peak of his career long behind him, an actor clings to his past glory — until a sudden wake-up call forces him to face who he's become.", "poster_url": "https://www.themoviedb.org/t/p/w600_and_h900_bestv2/oXg6oXbrn0H55WOQly2SqW2oXLy.jpg", "release_date": "2021-01-01", "media_type": "Movie", "external_id": 629277}}, {"model": "mmsapi.media", "pk": 6, "fields": {"title": "The Dig", "description": "As WWII looms, a wealthy widow hires an amateur archaeologist to excavate the burial mounds on her estate. When they make a historic discovery, the echoes of Britain's past resonate in the face of its uncertain future‎.", "poster_url": "https://www.themoviedb.org/t/p/w600_and_h900_bestv2/dFDNb9Gk1kyLRcconpj7Mc7C7IL.jpg", "release_date": "2021-01-14", "media_type": "Movie", "external_id": 532865}}, {"model": "mmsapi.media", "pk": 7, "fields": {"title": "Our Lady of San Juan, Four Centuries of Miracles (2021)", "description": "Mexican feature film", "poster_url": "https://www.themoviedb.org/t/p/w600_and_h900_bestv2/cdzSomIRij1EbdetsMvRj4VQoJ8.jpg", "release_date": "2021-01-01", "media_type": "Movie", "external_id": 675108}}, {"model": "mmsapi.media", "pk": 8, "fields": {"title": "The White Tiger", "description": "An ambitious Indian driver uses his wit and cunning to escape from poverty and rise to the top. An epic journey based on the New York Times bestseller.", "poster_url": "https://www.themoviedb.org/t/p/w600_and_h900_bestv2/7K4mdWaLGF2F4ASb2L12tlya9c9.jpg", "release_date": "2021-01-13", "media_type": "Movie", "external_id": 628534}}, {"model": "mmsapi.media", "pk": 9, "fields": {"title": "Butchers", "description": "A family of sadistic butchers lives deep in the backcountry. From the dead of winter to the dog days of summer, anyone who crosses their path is dead meat.", "poster_url": "https://www.themoviedb.org/t/p/w600_and_h900_bestv2/76rlfITDiYRiraGuE64QMGtvohs.jpg", "release_date": "2021-01-12", "media_type": "Movie", "external_id": 720026}}, {"model": "mmsapi.media", "pk": 10, "fields": {"title": "Crack: Cocaine, Corruption & Conspiracy", "description": "A cheap, powerful drug emerges during a recession, igniting a moral panic fueled by racism.  Explore the complex history of crack in the 1980s.", "poster_url": "https://www.themoviedb.org/t/p/w600_and_h900_bestv2/vVKWtkgwCd34wT10v0Bwg1NYYcc.jpg", "release_date": "2021-01-11", "media_type": "Movie", "external_id": 776142}}, {"model": "mmsapi.media", "pk": 11, "fields": {"title": "Tony Parker: The Final Shot", "description": "The background and career of Tony Parker, whose determination led him to become arguably the greatest French basketball player.", "poster_url": "https://www.themoviedb.org/t/p/w600_and_h900_bestv2/8zrgid8f6c2ODn2T94jKfopOF4C.jpg", "release_date": "2021-01-06", "media_type": "Movie", "external_id": 782973}}, {"model": "mmsapi.media", "pk": 12, "fields": {"title": "COVID-21: Lethal Virus", "description": "The climate change has released an ancient rabies virus trapped in the Antarctica ice. A female scientist tries to get to the laboratory to create a cure to save the world, protected by an eccentric and two members of the special forces.", "poster_url": "https://www.themoviedb.org/t/p/w600_and_h900_bestv2/80x3w24LD9tSnDPa9KivX2iejgh.jpg", "release_date": "2021-01-01", "media_type": "Movie", "external_id": 782760}}, {"model": "mmsapi.media", "pk": 13, "fields": {"title": "Music", "description": "Zu, a free spirit estranged from her family, suddenly finds herself the sole guardian of her half-sister, Music, a teenager on the autism spectrum whose whole world order has been beautifully crafted by her late grandmother. The film soon challenges whether it is Zu or Music who has a better view of the world, and that love, trust, and being able to be there for each other is everything.", "poster_url": "https://www.themoviedb.org/t/p/w600_and_h900_bestv2/xzDXq7ofNkvIovB6Vb8KZpjqkK0.jpg", "release_date": "2021-01-14", "media_type": "Movie", "external_id": 586101}}, {"model": "mmsapi.media", "pk": 14, "fields": {"title": "Redemption Day", "description": "Having just returned home, decorated U.S. Marine Captain Brad Paxton's wife, Kate, is kidnapped by a terrorist group while working in Morocco. He is forced back into action for a daring and deadly operation to save the woman he loves.", "poster_url": "https://www.themoviedb.org/t/p/w600_and_h900_bestv2/rEeQP3i7rZwD1aL5epxNB6Toibu.jpg", "release_date": "2021-01-08", "media_type": "Movie", "external_id": 767304}}, {"model": "mmsapi.media", "pk": 15, "fields": {"title": "The Minimalists: Less Is Now", "description": "They've built a movement out of minimalism. Longtime friends Joshua Fields Millburn and Ryan Nicodemus share how our lives can be better with less.", "poster_url": "https://www.themoviedb.org/t/p/w600_and_h900_bestv2/9Dd0MeKXA0doqEiV73xgGz9Bk5r.jpg", "release_date": "2021-01-01", "media_type": "Movie", "external_id": 774054}}, {"model": "mmsapi.media", "pk": 16, "fields": {"title": "My Salinger Year", "description": "A college grad takes a clerical job working for the literary agent of the renowned, reclusive writer J.D. Salinger.", "poster_url": "https://www.themoviedb.org/t/p/w600_and_h900_bestv2/dC4IBKaCLFwnQlGmsYT8mr0Sp4n.jpg", "release_date": "2021-01-14", "media_type": "Movie", "external_id": 619594}}, {"model": "mmsapi.media", "pk": 17, "fields": {"title": "Master", "description": "An alcoholic professor is sent to a juvenile school, where he clashes with a gangster, who uses the children of the school for criminal activities.", "poster_url": "https://www.themoviedb.org/t/p/w600_and_h900_bestv2/cm2fc2DmxXNL3l3jaqSPisllf5Z.jpg", "release_date": "2021-01-13", "media_type": "Movie", "external_id": 626392}}, {"model": "mmsapi.media", "pk": 18, "fields": {"title": "The Last Warrior: Root of Evil", "description": "Peace and tranquility have set in Belogorie. The evil was defeated and Ivan is now enjoying his well-deserved fame. He is surrounded by his family, friends and small wonders from the modern world that help him lead a comfortable life. Luckily, he has his Magic Sword to cut a gap between the worlds to get some supplies quite regularly. But when an ancient evil rises and the existence of the magic world is put to danger, Ivan has to team up with his old friends and his new rivals. They will set out on a long journey beyond the known world to find a way to defeat the enemies and to return peace to Belogorie.", "poster_url": "https://www.themoviedb.org/t/p/w600_and_h900_bestv2/4qE7mvUYGY5epfcgeJpM6EfHgq5.jpg", "release_date": "2021-01-01", "media_type": "Movie", "external_id": 589754}}, {"model": "mmsapi.media", "pk": 19, "fields": {"title": "Lost Treasure of Jesse James", "description": "A backwoods team of Missouri kids race to solve a 100 year old mystery and save their friends in this family friendly action adventure. Chased deep into ancient caves they must escape treasure hunters hot on their trail or be lost forever.", "poster_url": "https://www.themoviedb.org/t/p/w600_and_h900_bestv2/78s8arvIEsaKtnU2BHe7R9K4H4J.jpg", "release_date": "2021-01-04", "media_type": "Movie", "external_id": 745297}}, {"model": "mmsapi.media", "pk": 20, "fields": {"title": "A New Year's Resolution", "description": "When a morning show producer makes a New Year's resolution to say yes more, she crosses paths with a confirmed Yes man who just might hold the key to her biggest story and to her heart.", "poster_url": "https://www.themoviedb.org/t/p/w600_and_h900_bestv2/l9l1v24dqbAlHdYHpt9T84zs17J.jpg", "release_date": "2021-01-09", "media_type": "Movie", "external_id": 630926}}, {"model": "mmsapi.media", "pk": 21, "fields": {"title": "Marvel Studios: Legends", "description": "Revisit the epic heroes, villains and moments from across the MCU in preparation for the stories still to come. Each dynamic segment feeds directly into the upcoming series — setting the stage for future events. This series weaves together the many threads that constitute the unparalleled Marvel Cinematic Universe.", "poster_url": "https://www.themoviedb.org/t/p/w600_and_h900_bestv2/EpDuYIK81YtCUT3gH2JDpyj8Qk.jpg", "release_date": "2021-01-08", "media_type": "TV", "external_id": 114695}}, {"model": "mmsapi.media", "pk": 22, "fields": {"title": "Lupin", "description": "Inspired by the adventures of Arsène Lupin, gentleman thief Assane Diop sets out to avenge his father for an injustice inflicted by a wealthy family.", "poster_url": "https://www.themoviedb.org/t/p/w600_and_h900_bestv2/mevKJG6otv3FJEhsmp40ravG3tW.jpg", "release_date": "2021-01-08", "media_type": "TV", "external_id": 96677}}, {"model": "mmsapi.media", "pk": 23, "fields": {"title": "The Hidden Dungeon Only I Can Enter", "description": "The Hidden Dungeon is a place of legend where rare treasures and items are hidden. Nor, the third son of an impoverished noble family who's lost the one job offer he had, was lucky enough to hear about this dungeon. He then acquires a skill that allows him to create, bestow, and edit skills... and in order to use it, he needs to accumulate points by carrying out such tasks as eating delicious meals and doing sexual things with alluring members of the opposite sex.", "poster_url": "https://www.themoviedb.org/t/p/w600_and_h900_bestv2/lTFJoGLCQxkMlUyxCha04JVnakh.jpg", "release_date": "2021-01-09", "media_type": "TV", "external_id": 103157}}, {"model": "mmsapi.media", "pk": 24, "fields": {"title": "Horimiya", "description": "A secret life is the one thing they have in common. At school, Hori is a prim and perfect social butterfly, but the truth is she's a brash homebody. Meanwhile, under a gloomy facade, Miyamura hides a gentle heart, along with piercings and tattoos. In a chance meeting, they both reveal a side they've never shown. Could this blossom into something new?", "poster_url": "https://www.themoviedb.org/t/p/w600_and_h900_bestv2/zLNnCb6SL2HxyiRsDJ4t4S1mb91.jpg", "release_date": "2021-01-10", "media_type": "TV", "external_id": 110070}}, {"model": "mmsapi.media", "pk": 25, "fields": {"title": "Redo of Healer", "description": "In a world of monsters, adventurers and magic, some of the most gifted healers are subjugated to brute force. Keyaru gains the ability to rewind time and turns the tables on those who’ve exploited him in this dark fantasy tale of vengeance and fury.", "poster_url": "https://www.themoviedb.org/t/p/w600_and_h900_bestv2/hynFI7MltF1BBvroh3iJplnBZyc.jpg", "release_date": "2021-01-13", "media_type": "TV", "external_id": 99071}}, {"model": "mmsapi.media", "pk": 26, "fields": {"title": "Ex-Arm", "description": "2014: Akira Natsume seems to almost have a phobia of electrical devices while also being very good at diagnosing them. He resolves to change himself for the better and get a girlfriend like his older brother did. ...But then Akira suddenly dies in an accident. 16 years later a special policewoman and her android partner retrieve and activate a highly advanced AI and superweapon called EX-ARM and put it into full control of their ship as a last resort. Turns out the AI is actually just Akira's brain!", "poster_url": "https://www.themoviedb.org/t/p/w600_and_h900_bestv2/cjsebpk01OZBGuVKhJm68oYxM4t.jpg", "release_date": "2021-01-11", "media_type": "TV", "external_id": 92401}}, {"model": "mmsapi.media", "pk": 27, "fields": {"title": "Kemono Jihen", "description": "When a series of animal bodies that rot away after a single night begin appearing in a remote mountain village, Inugami, a detective from Tokyo who specializes in the occult, is called to investigate.\n\nWhile working the case, he befriends a strange boy who works in the field every day instead of going to school. Shunned by his peers and nicknamed \"Dorotabō\" after a yokai that lives in the mud, he helps Inugami uncover the truth behind the killings – but supernatural forces are at work, and while Dorotabō is just a nickname, it might not be the only thing about the boy that isn't human.", "poster_url": "https://www.themoviedb.org/t/p/w600_and_h900_bestv2/ct6HkcvSGDC5yT6eQKdBn4HWcNC.jpg", "release_date": "2021-01-10", "media_type": "TV", "external_id": 100022}}, {"model": "mmsapi.media", "pk": 28, "fields": {"title": "Bungo Stray Dogs Wan!", "description": "The peaceful days of the very popular work Bungou Stray Dogs are here. The characters of the Armed Detective Agency and the Mafia are in miniature form?! Due to Atsushi and co. becoming cute, this is a different experience to the original work—a pleasant gag manga!", "poster_url": "https://www.themoviedb.org/t/p/w600_and_h900_bestv2/5X3Pz5BCjlrt7X5fzQWWZVLfvku.jpg", "release_date": "2021-01-13", "media_type": "TV", "external_id": 110837}}, {"model": "mmsapi.media", "pk": 29, "fields": {"title": "Azur Lane: Slow Ahead!", "description": "This is a slightly peculiar world where the shipgirls live in. A lively and enjoyable school life for girls from different factions will begin at the naval port of Azur Lane. Living out their lives to the fullest, these girls get into various shenanigans—slowly but surely!", "poster_url": "https://www.themoviedb.org/t/p/w600_and_h900_bestv2/evNjloRQilbYco1HIP1c6IpZH4c.jpg", "release_date": "2021-01-12", "media_type": "TV", "external_id": 109805}}, {"model": "mmsapi.media", "pk": 30, "fields": {"title": "Mushoku Tensei: Jobless Reincarnation", "description": "34-year-old virgin loser is kicked out of his home by his family and realized that his life is completely over. As he regrets wasting his life, a truck runs him over and he died. When he wakes up... He’s in a world of sword and sorcery! Reborn as a baby named Rudeus, he decides that this time, he’ll live a life he won’t regret!", "poster_url": "https://www.themoviedb.org/t/p/w600_and_h900_bestv2/fHXI3fJN0ZOVw2OmLmY2t9VgV83.jpg", "release_date": "2021-01-11", "media_type": "TV", "external_id": 94664}}, {"model": "mmsapi.media", "pk": 31, "fields": {"title": "2.43: Seiin High School Boys Volleyball Team", "description": "Kimichika Haijima was a strong junior high school volleyball team member. After getting into trouble with the team, he moved to his mother's hometown and reunites with his childhood friend, Yuni Kuroba. The two become an ace pair at volleyball, but in their last tournament, get into a big fight. Will they ever play volleyball together again?", "poster_url": "https://www.themoviedb.org/t/p/w600_and_h900_bestv2/utYAqKUQdUOVVQlM2FJBTWdONf9.jpg", "release_date": "2021-01-08", "media_type": "TV", "external_id": 105004}}, {"model": "mmsapi.media", "pk": 32, "fields": {"title": "Dr. Ramune: Mysterious Disease Specialist", "description": "So long as people have hearts, there will be those with worries and concerns. Those hearts are then invaded by something strange, causing them to show strange physical symptoms. These ailments, called \"mysterious diseases,\" exist unseen to most people. Modern medicine offers no cure, but there is one doctor who fights these diseases along with his pupils. His name is Ramune. He looks nothing like a doctor, is foul-mouthed, and does whatever he pleases, but he has the ability to pinpoint the cause of the troubles hidden deep within his patients' hearts and cure their mysterious diseases.", "poster_url": "https://www.themoviedb.org/t/p/w600_and_h900_bestv2/tjo8oPb6lE8mLUm5oFDwI0OQa7H.jpg", "release_date": "2021-01-10", "media_type": "TV", "external_id": 108952}}, {"model": "mmsapi.media", "pk": 33, "fields": {"title": "Bottom-tier Character Tomozaki", "description": "Tomozaki is one of the best gamers in Japan, and in his opinion, the game of real life is one of the worst. No clear-cut rules for success, horribly balanced, and nothing makes sense. But then he meets a gamer who's just as good as him, and she offers to teach him a few exploits...", "poster_url": "https://www.themoviedb.org/t/p/w600_and_h900_bestv2/spDlNOiLxhcJ6ToZkcKgNUDwi3V.jpg", "release_date": "2021-01-08", "media_type": "TV", "external_id": 99083}}, {"model": "mmsapi.media", "pk": 34, "fields": {"title": "Back Arrow", "description": "Lingalind is a land enclosed by the Wall. The Wall covers, protects, cultivates, and nurtures the land. One day in Edger, a village on the outskirts of Lingalind, a mysterious man named Back Arrow appears. Arrow has lost his memory, but he claims that all he knows is that \"I came from outside the Wall.”", "poster_url": "https://www.themoviedb.org/t/p/w600_and_h900_bestv2/w9MVFImrsQ4YkjG1bNGhNGulWwI.jpg", "release_date": "2021-01-09", "media_type": "TV", "external_id": 96942}}, {"model": "mmsapi.media", "pk": 35, "fields": {"title": "WIXOSS DIVA(A)LIVE", "description": "", "poster_url": "https://www.themoviedb.org/t/p/w600_and_h900_bestv2/guI2U1Vmvn6c6vc96e0Pbxjlxy4.jpg", "release_date": "2021-01-09", "media_type": "TV", "external_id": 110371}}, {"model": "mmsapi.media", "pk": 36, "fields": {"title": "WAVE!! -Let's go surfing!!-", "description": "Follow the story of these beach boys who learned to love the ultimate sport of surfing!", "poster_url": "https://www.themoviedb.org/t/p/w600_and_h900_bestv2/ojIICjgH0ZH4aYPhXersZ02mVeH.jpg", "release_date": "2021-01-11", "media_type": "TV", "external_id": 113780}}, {"model": "mmsapi.media", "pk": 37, "fields": {"title": "So I'm a Spider, So What?", "description": "I, the protagonist, was just an ordinary high school girl, but suddenly I was reincarnated as a spider monster in a fantasy world. Not only that, but I awakened in a dungeon filled with vicious monsters. Armed with only my human knowledge and my overwhelming positivity, I'm forced to use spiderwebs and traps to defeat far stronger monsters just to stay alive... So begins the labyrinth survival story of a girl with incredible mental strength living as one of the lowest-ranked beasts!", "poster_url": "https://www.themoviedb.org/t/p/w600_and_h900_bestv2/oTbqSiJx2nxFJ8zSM8JLdkTUFKZ.jpg", "release_date": "2021-01-08", "media_type": "TV", "external_id": 99618}}, {"model": "mmsapi.media", "pk": 38, "fields": {"title": "Hortensia Saga", "description": "Despite the constant threat of invasion by neighboring countries who covet Hortensia’s fertile lands, Hortensia has long managed to avoid the maelstrom of war thanks to its two main territories, the principalities of Olivier and Camelia, serving as its sword and shield. But on December 5, 767, Camelia suddenly rises in revolt against Hortensia...", "poster_url": "https://www.themoviedb.org/t/p/w600_and_h900_bestv2/sMOKvb61HaIJLFbSZrUvOj1TeWl.jpg", "release_date": "2021-01-07", "media_type": "TV", "external_id": 104852}}, {"model": "mmsapi.media", "pk": 39, "fields": {"title": "SK8 the Infinity", "description": "\"S\" is a dangerous, top secret, no-holds-barred downhill skateboarding race down an abandoned mine. When avid skateboarder Reki takes Langa to the mountain where \"S\" is held, Langa, who’s never been on a skateboard in his life, finds himself sucked into the world of \"S\" and...?!", "poster_url": "https://www.themoviedb.org/t/p/w600_and_h900_bestv2/ksb6QlSCsRLr3MNmxc8ojOOLK6V.jpg", "release_date": "2021-01-10", "media_type": "TV", "external_id": 110309}}, {"model": "mmsapi.media", "pk": 40, "fields": {"title": "Wonder Egg Priority", "description": "Ai, a young girl with shut-in tendencies, who tries not to interact with others. She keeps one of her eyes hidden behind her hair. One day, she happens to stop by a deserted arcade, where she meets \"Acca.\" Spinning the gacha at their urging, she acquires a \"Wonder Egg,\" and from that moment, her fate begins to change...", "poster_url": "https://www.themoviedb.org/t/p/w600_and_h900_bestv2/oktwnQKdZpoBycT77XcDKmnT9XW.jpg", "release_date": "2021-01-13", "media_type": "TV", "external_id": 111255}}, {"model": "mmsapi.media", "pk": 41, "fields": {"title": "Taskmaster", "description": "Greg Davies is the Taskmaster, and with the help of his ever-loyal assistant Alex Horne, they will set out to test the wiles, wit, wisdom and skills of five hyper-competitive comedians. Who will be crowned the Taskmaster champion in this brand new game show?", "poster_url": "https://www.themoviedb.org/t/p/w600_and_h900_bestv2/tM6TFt8DmgWI5WkgSYYk3QtnO27.jpg", "release_date": "2015-07-28", "media_type": "TV", "external_id": 63404}}, {"model": "mmsapi.media", "pk": 42, "fields": {"title": "Taskmaster", "description": "Reggie Watts hosts a game show like no other, where contestants compete in a series of incredibly taxing and strange challenges under his harsh judgment.", "poster_url": "https://www.themoviedb.org/t/p/w600_and_h900_bestv2/tegqiCAKvPzE2DupizPGeY8iDub.jpg", "release_date": "2018-04-27", "media_type": "TV", "external_id": 78841}}, {"model": "mmsapi.media", "pk": 43, "fields": {"title": "Taskmaster: Champion of Champions", "description": "Five series of Taskmaster, five winners - but who is the supreme champion of all?", "poster_url": "https://www.themoviedb.org/t/p/w600_and_h900_bestv2/6b9y0QNRRBa218sXoh1VHiV7VHp.jpg", "release_date": "2017-12-13", "media_type": "TV", "external_id": 78840}}, {"model": "mmsapi.media", "pk": 44, "fields": {"title": "Taskmaster NZ", "description": "Jeremy Wells reigns supreme alongside his royal assistant Paul Williams, in the highly anticipated local version of Taskmaster. They'll be putting Kiwi comedians through their paces in a series of bizarre, hilarious and ingenious tasks.", "poster_url": "https://www.themoviedb.org/t/p/w600_and_h900_bestv2/7pui9iCoLpzd7WH3hBDNlJkRtRP.jpg", "release_date": "2020-10-21", "media_type": "TV", "external_id": 111880}}, {"model": "mmsapi.media", "pk": 45, "fields": {"title": "Bäst i test", "description": "Swedish version of Taskmaster.", "poster_url": "https://www.themoviedb.org/t/p/w600_and_h900_bestv2/aAS9JaF7E3OsSWYCzJBLyDcb8xZ.jpg", "release_date": "2017-03-10", "media_type": "TV", "external_id": 71761}}, {"model": "mmsapi.media", "pk": 46, "fields": {"title": "WandaVision", "description": "Wanda Maximoff and Vision—two super-powered beings living idealized suburban lives—begin to suspect that everything is not as it seems.", "poster_url": "https://www.themoviedb.org/t/p/w600_and_h900_bestv2/glKDfE6btIRcVB5zrjspRIs4r52.jpg", "release_date": "2021-01-15", "media_type": "TV", "external_id": 85271}}, {"model": "mmsapi.media", "pk": 47, "fields": {"title": "The Falcon and the Winter Soldier", "description": "Following the events of “Avengers: Endgame”, the Falcon, Sam Wilson and the Winter Soldier, Bucky Barnes team up in a global adventure that tests their abilities, and their patience.", "poster_url": "https://www.themoviedb.org/t/p/w600_and_h900_bestv2/6kbAMLteGO8yyewYau6bJ683sw7.jpg", "release_date": "2021-03-19", "media_type": "TV", "external_id": 88396}}, {"model": "mmsapi.media", "pk": 48, "fields": {"title": "King Kong vs. Godzilla", "description": "The more famous John Beck re-edit of the original Japanese film. Eric Carter of United Nation News reports on the emergence of Godzilla just as a Japanese pharmaceutical company seeks publicity with a monster of their own. New footage with American actors was inserted along with several scenes deleted, altering the narrative structure and comedy of the original to center around a UN news report not present in the original. Much of the original soundtrack was also replaced in favor of stock music from the Universal Library. Stock footage of The Mysterians was also inserted through out the film. Due to the licensing deal between Toho and Universal the American edit is the primary and most widely available version of the film.", "poster_url": "https://www.themoviedb.org/t/p/w600_and_h900_bestv2/xcvSLEBoMYRhkHaVX00txdxocet.jpg", "release_date": "1963-06-26", "media_type": "Movie", "external_id": 686487}}, {"model": "mmsapi.media", "pk": 49, "fields": {"title": "King Kong vs. Godzilla", "description": "The original Japanese comedy version of the film with a narrative structure different from the more famous American cut. Tako, advertising director of Pacific Pharmaceuticals, is frustrated with the low ratings of the educational TV program they're sponsoring. Seeking a more sensationalist approach, he orders his staff to head to Faro Island after discovering the legend of King Kong, believing the monster can be used as a publicity stunt to sell more product. When Godzilla re-emerges from an iceberg, a media frenzy generates just as Tako brings his own monster back to Japan. People begin to wonder and debate over which monster can beat who as Tako seeks to capitalize off of the biggest wrestling match of all time. After decades of obscurity, the original Japanese version of the film saw an official release via Criterion in 2019.", "poster_url": "https://www.themoviedb.org/t/p/w600_and_h900_bestv2/aSJyNAFmKvbHoGnHKaFKKwPAkZv.jpg", "release_date": "1962-08-11", "media_type": "Movie", "external_id": 1680}}, {"model": "mmsapi.media", "pk": 50, "fields": {"title": "Godzilla vs. Kong", "description": "In a time when monsters walk the Earth, humanity’s fight for its future sets Godzilla and Kong on a collision course that will see the two most powerful forces of nature on the planet collide in a spectacular battle for the ages.", "poster_url": "https://www.themoviedb.org/t/p/w600_and_h900_bestv2/pgqgaUx1cJb5oZQQ5v0tNARCeBp.jpg", "release_date": "2021-03-24", "media_type": "Movie", "external_id": 399566}}, {"model": "mmsapi.media", "pk": 51, "fields": {"title": "Terror of Mechagodzilla", "description": "An expedition to salvage the remains of Mechagodzilla comes up empty handed.  Instead a massive dinosaur, Titanosaurus, is discovered and destroys the sub. When Interpol launches an investigation, they are lead to the Black Hole Aliens, Dr. Mafune, and his mysterious daughter Katsura.", "poster_url": "https://www.themoviedb.org/t/p/w600_and_h900_bestv2/aHTdC3zZhUXJuv3ZFnxE3fPTNJd.jpg", "release_date": "1975-03-15", "media_type": "Movie", "external_id": 19333}}, {"model": "mmsapi.media", "pk": 52, "fields": {"title": "Godzilla vs. Mechagodzilla", "description": "A prophecy is discovered on the statue of an Okinawan guardian stating a monster will emerge to destroy the Earth. Godzilla soon appears, seeming to fulfill the prophecy. But not all is what it seems when a second Godzilla emerges to challenge this notorious doppelgänger.", "poster_url": "https://www.themoviedb.org/t/p/w600_and_h900_bestv2/qDLdwAqq27da9i2u5vTHFsBIjDr.jpg", "release_date": "1974-03-20", "media_type": "Movie", "external_id": 38582}}, {"model": "mmsapi.media", "pk": 53, "fields": {"title": "The Matrix", "description": "Set in the 22nd century, The Matrix tells the story of a computer hacker who joins a group of underground insurgents fighting the vast and powerful computers who now rule the earth.", "poster_url": "https://www.themoviedb.org/t/p/w600_and_h900_bestv2/f89U3ADr1oiB1s9GkdPOEpXUk5H.jpg", "release_date": "1999-03-30", "media_type": "Movie", "external_id": 603}}, {"model": "mmsapi.media", "pk": 54, "fields": {"title": "The Matrix Reloaded", "description": "Six months after the events depicted in The Matrix, Neo has proved to be a good omen for the free humans, as more and more humans are being freed from the matrix and brought to Zion, the one and only stronghold of the Resistance.  Neo himself has discovered his superpowers including super speed, ability to see the codes of the things inside the matrix and a certain degree of pre-cognition. But a nasty piece of news hits the human resistance: 250,000 machine sentinels are digging to Zion and would reach them in 72 hours. As Zion prepares for the ultimate war, Neo, Morpheus and Trinity are advised by the Oracle to find the Keymaker who would help them reach the Source.  Meanwhile Neo's recurrent dreams depicting Trinity's death have got him worried and as if it was not enough, Agent Smith has somehow escaped deletion, has become more powerful than before and has fixed Neo as his next target.", "poster_url": "https://www.themoviedb.org/t/p/w600_and_h900_bestv2/aA5qHS0FbSXO8PxcxUIHbDrJyuh.jpg", "release_date": "2003-05-15", "media_type": "Movie", "external_id": 604}}, {"model": "mmsapi.media", "pk": 55, "fields": {"title": "The Matrix Revolutions", "description": "The human city of Zion defends itself against the massive invasion of the machines as Neo fights to end the war at another front while also opposing the rogue Agent Smith.", "poster_url": "https://www.themoviedb.org/t/p/w600_and_h900_bestv2/8IpEO76zc1GuHiFVE5aCEL03qJs.jpg", "release_date": "2003-11-03", "media_type": "Movie", "external_id": 605}}, {"model": "mmsapi.media", "pk": 56, "fields": {"title": "The Matrix Resurrections", "description": "The fourth installment in The Matrix franchise. Plot unknown.", "poster_url": "https://www.themoviedb.org/t/p/w600_and_h900_bestv2/aLs8CRWr6mXTi7fTUzm5p66NXo7.jpg", "release_date": "2021-12-15", "media_type": "Movie", "external_id": 624860}}, {"model": "mmsapi.media", "pk": 57, "fields": {"title": "The Matrix Revisited", "description": "The film goes behind the scenes of the 1999 sci-fi movie The Matrix.", "poster_url": "https://www.themoviedb.org/t/p/w600_and_h900_bestv2/fNG2JOskhQnttmAaj2knM5h59Io.jpg", "release_date": "2001-11-19", "media_type": "Movie", "external_id": 14543}}, {"model": "mmsapi.media", "pk": 58, "fields": {"title": "Sexual Matrix", "description": "\"Sexual Matrix\" is about a matrix that is sexual. A horny professor decides to ask his students all about their sexual fantasies. Of course he does. So while they're describing their wildest dreams, he plugs them into his matrix machine and it lets them live out their fantasies. It seems so real! Mia Zottoli shows up to assist the professor in his quest to know what turns the whole campus on", "poster_url": "https://www.themoviedb.org/t/p/w600_and_h900_bestv2/vmhBIPKyYCWlp2PrIIc6EXZlP9Z.jpg", "release_date": "2000-04-01", "media_type": "Movie", "external_id": 51767}}, {"model": "mmsapi.media", "pk": 59, "fields": {"title": "The Matrix Reloaded Revisited", "description": "The making of The Matrix Reloaded:  Go to the middle movies furthest reaches via five documentary paths revealing 21 featurettes", "poster_url": "https://www.themoviedb.org/t/p/w600_and_h900_bestv2/gb7C4oRzYWXWCuZMR1cwtHa53Pz.jpg", "release_date": "2004-12-07", "media_type": "Movie", "external_id": 591955}}, {"model": "mmsapi.media", "pk": 60, "fields": {"title": "Armitage III: Poly Matrix", "description": "Ross Sylibus is assigned to a police unit on a Martian colony, to find that women are being murdered by a psychotic named D'anclaude. He is assigned a very unorthodox partner named Naomi Armitage, who seems to have links to the victims. To stir things up more, every victim is found to be an illegally made third-generation android.", "poster_url": "https://www.themoviedb.org/t/p/w600_and_h900_bestv2/7sUCRdjGe7VggDCGIHywfguYdAK.jpg", "release_date": "1996-06-25", "media_type": "Movie", "external_id": 33322}}, {"model": "mmsapi.media", "pk": 61, "fields": {"title": "A Glitch in the Matrix", "description": "Are we in fact living in a simulation? This is the question postulated, wrestled with, and ultimately argued for through archival footage, compelling interviews with real people shrouded in digital avatars, and a collection of cases from some of our most iconoclastic figures in contemporary culture.", "poster_url": "https://www.themoviedb.org/t/p/w600_and_h900_bestv2/bn0BLVadmvzq6MmJ0n97MLxGpNQ.jpg", "release_date": "2021-01-30", "media_type": "Movie", "external_id": 696109}}, {"model": "mmsapi.media", "pk": 62, "fields": {"title": "Matrix of Evil", "description": "is a dynamic 2 hour video featuring some of the most informed minds in the world today who expose the latest revelations of the New World Order's agenda in shocking detail.", "poster_url": "https://www.themoviedb.org/t/p/w600_and_h900_bestv2/A2kExZKGqluSZMO4BiilAfs2axG.jpg", "release_date": "2003-01-01", "media_type": "Movie", "external_id": 217056}}, {"model": "mmsapi.media", "pk": 63, "fields": {"title": "Armitage: Dual Matrix", "description": "Naomi Armitage and Ross Sylibus have changed their names and live with their daughter Yoko as a happy and normal family on Mars — until an android riot breaks out at an anti-matter plant on Earth.", "poster_url": "https://www.themoviedb.org/t/p/w600_and_h900_bestv2/p5nd9VPKxpow5MFAQfZy2DEatPI.jpg", "release_date": "2002-03-22", "media_type": "Movie", "external_id": 21769}}, {"model": "mmsapi.media", "pk": 64, "fields": {"title": "The Matrix Recalibrated", "description": "The making of Matrix Revolutions, The (2003) is briefly touched on here in this documentary. Interviews with various cast and crew members inform us how they were affected by the deaths of Gloria Foster and Aaliyah, and also delve into the making of the visual effects that takes up a lot of screen time. Written by Rhyl Donnelly", "poster_url": "https://www.themoviedb.org/t/p/w600_and_h900_bestv2/gRni1Q651AZPnLqZczmahiIxG0s.jpg", "release_date": "2004-04-06", "media_type": "Movie", "external_id": 221495}}, {"model": "mmsapi.media", "pk": 65, "fields": {"title": "Time Matrix", "description": "In the near future, police detective Richard Manning is investigating the most difficult case of his career – the seemingly impossible locked room murder of a wealthy property investor. The more Richard investigates, the more complex the case seems to become. He soon realizes his own future and survival depend on him solving everything – and quickly.", "poster_url": "https://www.themoviedb.org/t/p/w600_and_h900_bestv2/3pT6TI22UbIckjoMu05tO2mkLYW.jpg", "release_date": "2013-01-01", "media_type": "Movie", "external_id": 129399}}, {"model": "mmsapi.media", "pk": 66, "fields": {"title": "V-World Matrix", "description": "Two friends take a cyber vacation to experience a world where they can act out their virtual fantasies! They soon realize they've entered a virtual free-for-all. Forbidden fantasies and desires suddenly appear in the form of the even deadlier \"dark woman\". All the players now end up in a cyber battle for their lives, and sanity, against a beautiful virtual hunter who has one killer fixation - winning the deadly game they started!", "poster_url": "https://lascrucesfilmfest.com/wp-content/uploads/2018/01/no-poster-available-737x1024.jpg", "release_date": "1999-01-01", "media_type": "Movie", "external_id": 259464}}, {"model": "mmsapi.media", "pk": 67, "fields": {"title": "The Living Matrix", "description": "Becker's documentary presents the arguments of the new-age practice of \"bio-energetic medicine.\"  Presented as a medical documentary, The Living Matrix, promotes healing through energy reading and manipulation.  Director Greg Becker presents his arguments through anecdotal patient stories, and interviews with parapsychology professionals.", "poster_url": "https://www.themoviedb.org/t/p/w600_and_h900_bestv2/ydEBvI3tAp719EbHvhBDUcU3k3V.jpg", "release_date": "2009-10-22", "media_type": "Movie", "external_id": 119742}}, {"model": "mmsapi.media", "pk": 68, "fields": {"title": "Cyber Wars", "description": "In the near future in the Asian city-state Sintawan, everyone's identity is recorded in the vast CyberLink. The only way around this is using illegal simulated identity implants (sims). A young bounty hunter who makes her living tracking sims, finds herself the unlikely ally of a police detective who suspects the CyberLink is being perverted for an insidious and deadly purpose", "poster_url": "https://www.themoviedb.org/t/p/w600_and_h900_bestv2/m3Vyc2oRmrItN53fmiGOIsdLZ6u.jpg", "release_date": "2004-09-15", "media_type": "Movie", "external_id": 27306}}, {"model": "mmsapi.media", "pk": 69, "fields": {"title": "The American Matrix - Age Of Deception", "description": "A shocking new 2 hour film by B.A. Brooks. This 2010 release is a follow up to \"The Decline And Fall Of America\" which was released in 2008. \"The American Matrix - Age Of Deception\" details news items that all people should be aware of such as the economic collapse of The United States and the formation of the a New World Order. See what has really been going on in America today.", "poster_url": "https://lascrucesfilmfest.com/wp-content/uploads/2018/01/no-poster-available-737x1024.jpg", "release_date": "2010-01-01", "media_type": "Movie", "external_id": 26214}}, {"model": "mmsapi.media", "pk": 70, "fields": {"title": "Darkdrive", "description": "Set in some distant future, one man must restore order when a mainframe system crashes in a virtual reality prison where computers control the inmates thoughts.", "poster_url": "https://lascrucesfilmfest.com/wp-content/uploads/2018/01/no-poster-available-737x1024.jpg", "release_date": "1997-11-01", "media_type": "Movie", "external_id": 60215}}, {"model": "mmsapi.media", "pk": 71, "fields": {"title": "The Matrix Reloaded: Pre-Load", "description": "This making-of piece offers the standard mix of movie snippets, behind the scenes materials, and interviews from cast and crew on the making of the film.", "poster_url": "https://www.themoviedb.org/t/p/w600_and_h900_bestv2/zkpzfTyF7BjadH1PZKlC6kueWXf.jpg", "release_date": "2003-10-14", "media_type": "Movie", "external_id": 684731}}, {"model": "mmsapi.media", "pk": 72, "fields": {"title": "Matrix AB", "description": "", "poster_url": "https://www.themoviedb.org/t/p/w600_and_h900_bestv2/iBxdPaM2ViRK36WdprG6muKHeT3.jpg", "release_date": "2015-10-29", "media_type": "Movie", "external_id": 386137}}, {"model": "mmsapi.media", "pk": 73, "fields": {"title": "Threat Matrix", "description": "Against the rising threat, the Homeland Security Agency has created a highly specialized, elite task force trained and equipped to counter anyone or anything that threatens our nation. The head of this super-secret team is Special Agent John Kilmer. He reports only to the President and has authority to call upon the technical skills, firepower and the specialist agents of the FBI, CIA and NSA.", "poster_url": "https://www.themoviedb.org/t/p/w600_and_h900_bestv2/dOsASSkNxUjtEp47eSDNazDPDPa.jpg", "release_date": "2003-09-18", "media_type": "TV", "external_id": 711}}, {"model": "mmsapi.media", "pk": 74, "fields": {"title": "Matrix", "description": "Matrix is the title of a Canadian-produced fantasy/adventure series that ran for 13 episodes during 1993 on the USA Network in the United States. The series later enjoyed a brief revival of interest due to a coincidence involving one of its stars.", "poster_url": "https://lascrucesfilmfest.com/wp-content/uploads/2018/01/no-poster-available-737x1024.jpg", "release_date": "1993-03-01", "media_type": "TV", "external_id": 11393}}, {"model": "mmsapi.media", "pk": 75, "fields": {"title": "Matrix Chiambretti", "description": "", "poster_url": "https://lascrucesfilmfest.com/wp-content/uploads/2018/01/no-poster-available-737x1024.jpg", "release_date": "2016-10-07", "media_type": "TV", "external_id": 68447}}, {"model": "mmsapi.media", "pk": 76, "fields": {"title": "Matrix", "description": "Matrix was an Italian news program and talks show television, broadcast on Canale 5, from 2005 and 2012, and rerun on Mediaset Plus: it was a rival program of RAI flagship news program Porta a Porta.", "poster_url": "https://lascrucesfilmfest.com/wp-content/uploads/2018/01/no-poster-available-737x1024.jpg", "release_date": null, "media_type": "TV", "external_id": 31636}}, {"model": "mmsapi.media", "pk": 77, "fields": {"title": "Escape The Matrix", "description": "You cannot escape the matrix unless you know you are in it. Join David Icke as he unravels the nature of the reality that we have been taught to believe is truth, through a lifetime of deep programming.", "poster_url": "https://lascrucesfilmfest.com/wp-content/uploads/2018/01/no-poster-available-737x1024.jpg", "release_date": "2020-07-01", "media_type": "TV", "external_id": 116501}}, {"model": "mmsapi.media", "pk": 78, "fields": {"title": "Approval Matrix", "description": "", "poster_url": "https://lascrucesfilmfest.com/wp-content/uploads/2018/01/no-poster-available-737x1024.jpg", "release_date": "2011-02-16", "media_type": "TV", "external_id": 38368}}, {"model": "mmsapi.media", "pk": 79, "fields": {"title": "Paranormal Matrix", "description": "", "poster_url": "https://lascrucesfilmfest.com/wp-content/uploads/2018/01/no-poster-available-737x1024.jpg", "release_date": null, "media_type": "TV", "external_id": 18401}}, {"model": "mmsapi.media", "pk": 80, "fields": {"title": "Captain Marvel", "description": "The story follows Carol Danvers as she becomes one of the universe’s most powerful heroes when Earth is caught in the middle of a galactic war between two alien races. Set in the 1990s, Captain Marvel is an all-new adventure from a previously unseen period in the history of the Marvel Cinematic Universe.", "poster_url": "https://www.themoviedb.org/t/p/w600_and_h900_bestv2/AtsgWhDnHTq68L0lLsUrCnM7TjG.jpg", "release_date": "2019-03-06", "media_type": "Movie", "external_id": 299537}}, {"model": "mmsapi.media", "pk": 81, "fields": {"title": "Captain Marvel 2", "description": "The sequel to Captain Marvel (2019).", "poster_url": "https://www.themoviedb.org/t/p/w600_and_h900_bestv2/gWxeVJ920nprJEbXbzmuuzeaAar.jpg", "release_date": "2022-11-10", "media_type": "Movie", "external_id": 609681}}, {"model": "mmsapi.media", "pk": 82, "fields": {"title": "Marvel One-Shot: Item 47", "description": "Benny and Claire, a down on their luck couple find a discarded Chitauri gun, referred to as 'Item 47'...", "poster_url": "https://www.themoviedb.org/t/p/w600_and_h900_bestv2/rfxvoRoZtBLUXJqLf8z9kgJWkKt.jpg", "release_date": "2012-09-13", "media_type": "Movie", "external_id": 119569}}, {"model": "mmsapi.media", "pk": 83, "fields": {"title": "Phineas and Ferb: Mission Marvel", "description": "When Dr. Doofenshmirtz's latest invention causes the Marvel heroes to lose their powers, they team up with Phineas and Ferb to save the world from Doofenshmirtz and the Marvel villains.", "poster_url": "https://www.themoviedb.org/t/p/w600_and_h900_bestv2/da2AREjdecPInHzWeZ550X1aYDU.jpg", "release_date": "2013-08-16", "media_type": "Movie", "external_id": 284019}}, {"model": "mmsapi.media", "pk": 84, "fields": {"title": "Marvel One-Shot: Agent Carter", "description": "The film takes place one year after the events of Captain America: The First Avenger, in which Agent Carter, a member of the Strategic Scientific Reserve, is in search of the mysterious Zodiac.", "poster_url": "https://www.themoviedb.org/t/p/w600_and_h900_bestv2/5WOxsdb6uF9cDZ319Kdcru2C0eC.jpg", "release_date": "2013-09-08", "media_type": "Movie", "external_id": 211387}}, {"model": "mmsapi.media", "pk": 85, "fields": {"title": "Marvel One-Shot: The Consultant", "description": "Agent Coulson informs Agent Sitwell that the World Security Council wishes Emil Blonsky to be released from prison to join the Avengers Initiative. As Nick Fury doesn't want to release Blonsky, the two agents decide to send a patsy to sabotage the meeting...", "poster_url": "https://www.themoviedb.org/t/p/w600_and_h900_bestv2/5plg28k4bU6KH9JrZHf46cXZnzY.jpg", "release_date": "2011-09-13", "media_type": "Movie", "external_id": 76122}}, {"model": "mmsapi.media", "pk": 86, "fields": {"title": "Marvel Studios: Assembling a Universe", "description": "A look at the story behind Marvel Studios and the Marvel Cinematic Universe, featuring interviews and behind-the-scenes footage from all of the Marvel films, the Marvel One-Shots and \"Marvel's Agents of S.H.I.E.L.D.\"", "poster_url": "https://www.themoviedb.org/t/p/w600_and_h900_bestv2/41Ke02UzYoPsiTc3YbomPGiQKMl.jpg", "release_date": "2014-03-18", "media_type": "Movie", "external_id": 259910}}, {"model": "mmsapi.media", "pk": 87, "fields": {"title": "Marvel's Behind the Mask", "description": "A documentary special that explores the power of identity behind the iconic superheroes we know and love today. These legendary Marvel creations and stories have not only reflected the world outside our window – they have become a reflection of our own identities and who we truly are.", "poster_url": "https://www.themoviedb.org/t/p/w600_and_h900_bestv2/p71YgDQk5sFHTqF3FBygLPmZEX5.jpg", "release_date": "2021-02-12", "media_type": "Movie", "external_id": 787923}}, {"model": "mmsapi.media", "pk": 88, "fields": {"title": "Marvel Rising: Secret Warriors", "description": "When a threat no one could have expected bears down on the Marvel Universe, this ragtag, untrained band of teens have no choice but to rise together and prove to the world that sometimes the difference between a 'hero' and 'misfit' is just in the name.", "poster_url": "https://www.themoviedb.org/t/p/w600_and_h900_bestv2/kY1ufnbv2bTyoNcAtGF4BwapKi6.jpg", "release_date": "2018-09-30", "media_type": "Movie", "external_id": 491633}}, {"model": "mmsapi.media", "pk": 89, "fields": {"title": "Marvel One-Shot: All Hail the King", "description": "A documentary filmmaker interviews the now-famous Trevor Slattery from behind bars.", "poster_url": "https://www.themoviedb.org/t/p/w600_and_h900_bestv2/tDpud3Y3gWtmSdcVhN0t4WiwsIK.jpg", "release_date": "2014-02-04", "media_type": "Movie", "external_id": 253980}}, {"model": "mmsapi.media", "pk": 90, "fields": {"title": "Marvel Studios: Expanding the Universe", "description": "An exciting look into the future of Marvel Studios' films and upcoming Disney+ series.", "poster_url": "https://www.themoviedb.org/t/p/w600_and_h900_bestv2/dU7qXzttvOUvSlwwpEFQDsLnThK.jpg", "release_date": "2019-11-12", "media_type": "Movie", "external_id": 647375}}, {"model": "mmsapi.media", "pk": 91, "fields": {"title": "Maggie Marvel", "description": "About a single Mom who moonlights as a contract killer. Maggie Marvel must balance career and family, murder and math homework. She is pushed into this dangerous world... only to find out she is very good at it.", "poster_url": "https://lascrucesfilmfest.com/wp-content/uploads/2018/01/no-poster-available-737x1024.jpg", "release_date": "2011-03-05", "media_type": "Movie", "external_id": 278755}}, {"model": "mmsapi.media", "pk": 92, "fields": {"title": "Marvel Rising: Heart of Iron", "description": "Ironheart, AKA Riri Williams, is having difficulty adjusting to college life as the youngest student there when the college's engineering lab is demolished by an alien and her best friend is kidnapped. Inspired by Iron Man, she develops a plan to save her friend.", "poster_url": "https://www.themoviedb.org/t/p/w600_and_h900_bestv2/z3lD286jY8iYasC5hJZ2kgZF9uY.jpg", "release_date": "2019-04-03", "media_type": "Movie", "external_id": 583209}}, {"model": "mmsapi.media", "pk": 93, "fields": {"title": "Marvel Super Hero Adventures: Frost Fight!", "description": "The holiday season gets extra chilly as Loki and the frost giant Ymir plot to conquer the world. Marvel heroes Iron Man, Captain America, Hulk, Thor and others must stop the villains from stealing Santa's power – if anyone can actually find the mysterious Mr. Claus. Fortunately, Rocket Raccoon and Groot are also hot on Santa's trail. Heroes, villains, elves and cosmic bounty hunters collide in an epic quest that leaves the fate of the holiday and the world in the balance.", "poster_url": "https://www.themoviedb.org/t/p/w600_and_h900_bestv2/2StM8Vavf7ukvuj9mxg1o7nKxmi.jpg", "release_date": "2015-12-15", "media_type": "Movie", "external_id": 372631}}, {"model": "mmsapi.media", "pk": 94, "fields": {"title": "LEGO Marvel Super Heroes: Avengers Reassembled!", "description": "In \"LEGO Marvel Super Heroes: Avengers Reassembled!,\" the Avengers prepare for a party at Stark Tower and notice that Iron Man is acting strange. After some investigation, they discover that the evil Ultron has taken control of Iron Man and his armor as part of his scheme to take over the world. It's up to Captain America, the Hulk, Thor, Vision, Black Widow, Hawkeye and their friends (Spider-Man, Iron Spider, and special guest star Ant-Man) to rescue Iron Man from Ultron's clutches and defeat the super villain before he causes even more destruction and chaos.", "poster_url": "https://www.themoviedb.org/t/p/w600_and_h900_bestv2/xUBZNoY7idPfqKZepnDEv7Qc8GC.jpg", "release_date": "2015-11-16", "media_type": "Movie", "external_id": 368304}}, {"model": "mmsapi.media", "pk": 95, "fields": {"title": "The Marvel Universe Expands: Marvel 75th Anniversary", "description": "A documentary about some of Marvel's most famous characters.", "poster_url": "https://www.themoviedb.org/t/p/w600_and_h900_bestv2/2faGI0USP1JG9OuLdFZw1M7lwhF.jpg", "release_date": "2014-08-21", "media_type": "Movie", "external_id": 441917}}, {"model": "mmsapi.media", "pk": 96, "fields": {"title": "Marvel Rising: Playing with Fire", "description": "Inferno’s powers are stolen by a young and powerful villain and it’s up to the Secret Warriors to defeat their new foe and help their friend. But does Inferno even WANT his powers back? Meanwhile, America Chavez learns a lesson about friendship and family from teammate Ms. Marvel.", "poster_url": "https://www.themoviedb.org/t/p/w600_and_h900_bestv2/lelNkBnjIi4N1uQBV2TnODgS9UT.jpg", "release_date": "2019-12-18", "media_type": "Movie", "external_id": 592689}}, {"model": "mmsapi.media", "pk": 97, "fields": {"title": "LEGO Marvel Spider-Man: Vexed By Venom", "description": "Thanks to Green Goblin and Venom, tech theft is now at an all-time high -- can our Friendly Neighborhood Spider-Man put an end to their mysterious villainous scheme before all of New York City is destroyed?", "poster_url": "https://www.themoviedb.org/t/p/w600_and_h900_bestv2/gTo2r8nNU3ZYAS6DqdeSp1VEqkq.jpg", "release_date": "2019-08-03", "media_type": "Movie", "external_id": 622230}}, {"model": "mmsapi.media", "pk": 98, "fields": {"title": "Marvel Rising: Chasing Ghosts", "description": "Hot on the trails of Sheath and Exile, Ghost-Spider teams up with the rest of the Secret Warriors to bring down the villains for good.", "poster_url": "https://www.themoviedb.org/t/p/w600_and_h900_bestv2/pufQvXrrxng95dT4kYlQtXn98kK.jpg", "release_date": "2019-01-16", "media_type": "Movie", "external_id": 576743}}, {"model": "mmsapi.media", "pk": 99, "fields": {"title": "Marvel: 75 Years, From Pulp to Pop!", "description": "In celebration of the publisher's 75th anniversary, the hour-long special will take a detailed look at the company's journey from fledgling comics publisher to multi-media juggernaut. Hosted by Emily VanCamp (S.H.I.E.L.D. Agent Sharon Carter), the documentary-style feature will include interviews with comic book icons, pop culture authorities, and Hollywood stars.  The special also promises an \"extraordinary peek into Marvel's future!\" Might Marvel release the first official footage from next year's Avengers: Age of Ultron or Ant-Man? If they do, you'll know about it here.", "poster_url": "https://www.themoviedb.org/t/p/w600_and_h900_bestv2/qNC8co8LuGBv22Fu9SC71ppAwoA.jpg", "release_date": "2014-11-04", "media_type": "Movie", "external_id": 299969}}, {"model": "mmsapi.media", "pk": 100, "fields": {"title": "Marvel Studios: Assembled", "description": "Go behind the scenes of the shows and movies of the Marvel Cinematic Universe, following the filmmakers, cast and crew, and Marvel heroes every step of the way.", "poster_url": "https://www.themoviedb.org/t/p/w600_and_h900_bestv2/heQ5D8vGTiX8sWwMWhL1l02dSD6.jpg", "release_date": "2021-03-12", "media_type": "TV", "external_id": 118924}}, {"model": "mmsapi.media", "pk": 101, "fields": {"title": "Avengers: Endgame", "description": "After the devastating events of Avengers: Infinity War, the universe is in ruins due to the efforts of the Mad Titan, Thanos. With the help of remaining allies, the Avengers must assemble once more in order to undo Thanos' actions and restore order to the universe once and for all, no matter what consequences may be in store.", "poster_url": "https://www.themoviedb.org/t/p/w600_and_h900_bestv2/ulzhLuWrPK07P1YkdWQLZnQh1JL.jpg", "release_date": "2019-04-24", "media_type": "Movie", "external_id": 299534}}, {"model": "mmsapi.media", "pk": 102, "fields": {"title": "Avengers: Infinity War", "description": "As the Avengers and their allies have continued to protect the world from threats too large for any one hero to handle, a new danger has emerged from the cosmic shadows: Thanos. A despot of intergalactic infamy, his goal is to collect all six Infinity Stones, artifacts of unimaginable power, and use them to inflict his twisted will on all of reality. Everything the Avengers have fought for has led up to this moment - the fate of Earth and existence itself has never been more uncertain.", "poster_url": "https://www.themoviedb.org/t/p/w600_and_h900_bestv2/7WsyChQLEftFiDOVTGkv3hFpyyt.jpg", "release_date": "2018-04-25", "media_type": "Movie", "external_id": 299536}}, {"model": "mmsapi.media", "pk": 103, "fields": {"title": "The Avengers", "description": "When an unexpected enemy emerges and threatens global safety and security, Nick Fury, director of the international peacekeeping agency known as S.H.I.E.L.D., finds himself in need of a team to pull the world back from the brink of disaster. Spanning the globe, a daring recruitment effort begins!", "poster_url": "https://www.themoviedb.org/t/p/w600_and_h900_bestv2/RYMX2wcKCBAr24UyPD7xwmjaTn.jpg", "release_date": "2012-04-25", "media_type": "Movie", "external_id": 24428}}, {"model": "mmsapi.media", "pk": 104, "fields": {"title": "Avengers: Age of Ultron", "description": "When Tony Stark tries to jumpstart a dormant peacekeeping program, things go awry and Earth’s Mightiest Heroes are put to the ultimate test as the fate of the planet hangs in the balance. As the villainous Ultron emerges, it is up to The Avengers to stop him from enacting his terrible plans, and soon uneasy alliances and unexpected action pave the way for an epic and unique global adventure.", "poster_url": "https://www.themoviedb.org/t/p/w600_and_h900_bestv2/4ssDuvEDkSArWEdyBl2X5EHvYKU.jpg", "release_date": "2015-04-22", "media_type": "Movie", "external_id": 99861}}, {"model": "mmsapi.media", "pk": 105, "fields": {"title": "The Avengers", "description": "British Ministry agent John Steed, under direction from \"Mother\", investigates a diabolical plot by arch-villain Sir August de Wynter to rule the world with his weather control machine. Steed investigates the beautiful Doctor Mrs. Emma Peel, the only suspect, but simultaneously falls for her and joins forces with her to combat Sir August.", "poster_url": "https://www.themoviedb.org/t/p/w600_and_h900_bestv2/1p5thyQ4pCy876HpdvFARqJ62N9.jpg", "release_date": "1998-08-13", "media_type": "Movie", "external_id": 9320}}, {"model": "mmsapi.media", "pk": 106, "fields": {"title": "Avengers Grimm", "description": "When Rumpelstiltskin destroys the Magic Mirror and escapes to the modern world, the four princesses of \"Once Upon a Time\"-Cinderella, Sleeping Beauty, Snow White, and Rapunzel-are sucked through the portal too. Well-trained and endowed with magical powers, the four women must fight Rumpelstiltskin and his army of thralls before he enslaves everyone on Earth.", "poster_url": "https://www.themoviedb.org/t/p/w600_and_h900_bestv2/1SbBKCbnULACOqWKN7eLfTu1gVm.jpg", "release_date": "2015-03-17", "media_type": "Movie", "external_id": 323660}}, {"model": "mmsapi.media", "pk": 107, "fields": {"title": "Ultimate Avengers 2", "description": "Mysterious Wakanda lies in the darkest heart of Africa, unknown to most of the world. An isolated land hidden behind closed borders, fiercely protected by its young king - the Black Panther. But when brutal alien invaders attack, the threat leaves the Black Panther with no option but to go against the sacred decrees of his people and ask for help from outsiders.", "poster_url": "https://www.themoviedb.org/t/p/w600_and_h900_bestv2/sMFyYZR9krqcQC99G6jnb10Zv4P.jpg", "release_date": "2006-08-08", "media_type": "Movie", "external_id": 14611}}, {"model": "mmsapi.media", "pk": 108, "fields": {"title": "Next Avengers: Heroes of Tomorrow", "description": "The children of the Avengers hone their powers and go head to head with the very enemy responsible for their parents' demise.", "poster_url": "https://www.themoviedb.org/t/p/w600_and_h900_bestv2/nbwvR5cfvxMtvWowIiwazVaaTVz.jpg", "release_date": "2008-09-02", "media_type": "Movie", "external_id": 14613}}, {"model": "mmsapi.media", "pk": 109, "fields": {"title": "Ultimate Avengers: The Movie", "description": "When a nuclear missile was fired at Washington in 1945, Captain America managed to detonate it in the upper atmosphere. But then he fell miles into the icy depths of the North Atlantic, where he remained lost for over sixty years. But now, with the world facing the very same evil, Captain America must rise again as our last hope for survival.", "poster_url": "https://www.themoviedb.org/t/p/w600_and_h900_bestv2/iMCkGHVrYRdqKROPRPmVaJVSlg3.jpg", "release_date": "2006-02-21", "media_type": "Movie", "external_id": 14609}}, {"model": "mmsapi.media", "pk": 110, "fields": {"title": "Bikini Avengers", "description": "When the Jade Empress steals the world's largest diamonds, super heroes Bikini Avenger and Thong Girl must stop her before she uses the gems to build a dangerous sci-fi weapon.", "poster_url": "https://www.themoviedb.org/t/p/w600_and_h900_bestv2/ehTYWuPKwl8sXPX0I6LnvJUDaVl.jpg", "release_date": "2015-02-24", "media_type": "Movie", "external_id": 347158}}, {"model": "mmsapi.media", "pk": 111, "fields": {"title": "Marvel's Avengers: Building A Cinematic Universe", "description": "Witness Marvel's epic journey, from its comic book origins to its blockbuster film franchises, through seven exclusive featurettes. Get the inside story, with exclusive behind-the-scenes footage and cast interviews, and discover the history behind its legendary characters and films -- Iron Man, The Incredible Hulk, Iron Man 2, Thor, Captain America: The First Avenger, and Marvel's The Avengers! With over 90 minutes of original footage, this is your all-access pass to Marvel and Phase One of the Marvel Cinematic Universe!", "poster_url": "https://www.themoviedb.org/t/p/w600_and_h900_bestv2/coS6rIaucxDzq20kiJozTgQ0Nmk.jpg", "release_date": "2012-09-25", "media_type": "Movie", "external_id": 448366}}, {"model": "mmsapi.media", "pk": 112, "fields": {"title": "Avengers Grimm: Time Wars", "description": "When Rumpelstiltskin tries to take over Earth once and for all, The Avengers Grimm must track him down through time in order to defeat him.", "poster_url": "https://www.themoviedb.org/t/p/w600_and_h900_bestv2/xfAcu74DRQXeM9XqFcE5MrSRzYP.jpg", "release_date": "2018-05-01", "media_type": "Movie", "external_id": 521720}}, {"model": "mmsapi.media", "pk": 113, "fields": {"title": "The Avengers: A Visual Journey", "description": "Joss Whedon and others in interviews discussing the aims for this new franchise.", "poster_url": "https://www.themoviedb.org/t/p/w600_and_h900_bestv2/2kBT7KONKQTIhkMc2ZtPU11E8Ky.jpg", "release_date": "2012-09-25", "media_type": "Movie", "external_id": 448368}}, {"model": "mmsapi.media", "pk": 114, "fields": {"title": "Alien Avengers II", "description": "Weird things are happening in the town of Justice, Arizona: three sheriffs have disappeared, and someone is killing the rancher's livestock in a bizarre, ritualistic fashion. Locals believe the incidents were caused by aliens...\r But a visiting couple, Charlie and Rhonda, knows better – because they're aliens themselves. When no one else will, Charlie and Rhonda volunteer to be the new sheriffs to get to bottom of the crimes. Hiding behind the power of the badge, the two make their own rules, punishing wrong-doers with their own form of \"eye-for-an-eye\" alien vengeance.\r Follow this twisted, outer space \"Bonnie and Clyde\" as they attempt to bring Justice the justice it deserves.", "poster_url": "https://www.themoviedb.org/t/p/w600_and_h900_bestv2/4L3ajGP3ZsnM8xIrXjwEZOLYBjb.jpg", "release_date": "1997-10-25", "media_type": "Movie", "external_id": 223291}}, {"model": "mmsapi.media", "pk": 115, "fields": {"title": "The Avengers: Earth's Mightiest Heroes - Prelude", "description": "A 110 minute prelude to the 2010 animated series, consisting of five-and-a-half-minute chapters created from footage from season-one episodes, premiered online and on Disney XD on September 22, 2010. Series supervising producer Josh Fine said the goal was to \"let us explore the individual members of the team in their own ongoing adventures ... do a lot of character development and set the stage for the rest of the season\".", "poster_url": "https://www.themoviedb.org/t/p/w600_and_h900_bestv2/3o7MpOaDkeAcvxqEjgbIcXrcepB.jpg", "release_date": "2010-09-22", "media_type": "Movie", "external_id": 487555}}, {"model": "mmsapi.media", "pk": 116, "fields": {"title": "The Avengers", "description": "The attractive Argentine Don Careless is an adventurer and an excellent swordsman. Don is in love with Maria Moreno, since he had to emerge her jewels and had thereby to kill a shark. Don tries to prevent the forced marriage of Mary with the ruthless revolutionary Colonel Luis Corral. An armed clash between Don and Luis seems inevitable.", "poster_url": "https://lascrucesfilmfest.com/wp-content/uploads/2018/01/no-poster-available-737x1024.jpg", "release_date": "1950-06-10", "media_type": "Movie", "external_id": 432413}}, {"model": "mmsapi.media", "pk": 117, "fields": {"title": "Avengers of Justice: Farce Wars", "description": "While trying to remain a good husband and father, Superbat and the Avengers of Justice come out of retirement to stop Dark Jokester and Lisp Luthor from freezing the planet.", "poster_url": "https://www.themoviedb.org/t/p/w600_and_h900_bestv2/yymsCwKPbJIF1xcl2ih8fl7OxAa.jpg", "release_date": "2018-07-20", "media_type": "Movie", "external_id": 538153}}, {"model": "mmsapi.media", "pk": 118, "fields": {"title": "Alien Avengers", "description": "Charlie and Rhonda are a sweet and comfortable married couple on vacation with their lovely daughter Daphne. They find a rundown boarding house and its haggard owner, Joseph, an ex-con whose mother has just died and left him the house. He doesn't know why this cheerful couple would want to vacation in the worst part of Los Angeles, but he doesn't know they're vacationing from outer space, and their idea of fun is murdering lowlife out on the streets", "poster_url": "https://www.themoviedb.org/t/p/w600_and_h900_bestv2/Akd3Aqrr2q8PLKOCPOkOnB3AoJk.jpg", "release_date": "1996-08-03", "media_type": "Movie", "external_id": 58906}}, {"model": "mmsapi.media", "pk": 119, "fields": {"title": "Ninja Avengers", "description": "Just like those Thomas Tang \"so-called\" Ninja films that came out on Imperial Video. This one has a tacked in plot of Richard Harrison trying to fight off European Ninjas in footage that doesn't even match the film! The whole film is basically a RED SUN rip-off (but this time the Japanese steal a statue) that has a DJANGO like character carrying a cross that contains a gattling gun.", "poster_url": "https://www.themoviedb.org/t/p/w600_and_h900_bestv2/acmrVRQXQKFGs6ExSVUuRys1yxv.jpg", "release_date": "1987-01-01", "media_type": "Movie", "external_id": 416101}}, {"model": "mmsapi.media", "pk": 120, "fields": {"title": "Marvel's Avengers Assemble", "description": "The further adventures of the Marvel Universe's mightiest general membership superhero team. With an all-star roster consisting of Iron Man, Captain America, Thor, Hulk, Hawkeye, Falcon and, occasionally--when she feels like it and only when she feels like it--Black Widow, the Avengers are a team in the truest sense. The Avengers save the world from the biggest threats imaginable--threats no single super hero could withstand.", "poster_url": "https://www.themoviedb.org/t/p/w600_and_h900_bestv2/aVYPq7FSvsdNQOXVIFnndXJPCXn.jpg", "release_date": "2013-05-26", "media_type": "TV", "external_id": 59427}}, {"model": "mmsapi.media", "pk": 121, "fields": {"title": "The Avengers", "description": "The Avengers is a British television series created in the 1960s. The Avengers initially focused on Dr. David Keel and his assistant John Steed. Hendry left after the first series and Steed became the main character, partnered with a succession of assistants. Steed's most famous assistants were intelligent, stylish and assertive women: Cathy Gale, Emma Peel, and later Tara King. Later episodes increasingly incorporated elements of science fiction and fantasy, parody and British eccentricity.", "poster_url": "https://www.themoviedb.org/t/p/w600_and_h900_bestv2/qZr7WAHgjd5J517XwZY6yEKWZjF.jpg", "release_date": "1961-01-07", "media_type": "TV", "external_id": 2473}}, {"model": "mmsapi.media", "pk": 122, "fields": {"title": "The Avengers: Earth's Mightiest Heroes", "description": "When the powers of a single hero are not enough to save the world, the world’s greatest heroes—Iron Man, Thor, Captain America, The Hulk, Ant-Man/Giant Man and Wasp—assemble to form the Avengers.", "poster_url": "https://www.themoviedb.org/t/p/w600_and_h900_bestv2/eyUeOUefufuBCeih3lOi2NkFD9r.jpg", "release_date": "2010-10-20", "media_type": "TV", "external_id": 33623}}, {"model": "mmsapi.media", "pk": 123, "fields": {"title": "Marvel's Future Avengers", "description": "The anime follows Makoto, a young boy who gains superpowers due to an evil gene manipulation experiment. Makoto and other youths join the Avengers as apprentices named \"Future Avengers.\" The anime will show Makoto and others as they train, fight villains and grow, under Avengers members Iron Man, Captain America, Hulk, Thor, and Wasp.", "poster_url": "https://www.themoviedb.org/t/p/w600_and_h900_bestv2/buxBvftqx3g57FTYtdrfGSHlWfQ.jpg", "release_date": "2017-07-22", "media_type": "TV", "external_id": 91278}}, {"model": "mmsapi.media", "pk": 124, "fields": {"title": "The New Avengers", "description": "The New Avengers is a British secret agent fantasy adventure television series produced during 1976 and 1977. It is a sequel to the 1960s series, The Avengers and was developed by original series producers Albert Fennell and Brian Clemens.\n\nThe series was produced by The Avengers Enterprises Ltd for the ITV network, cost £125,000 per episode to produce at Pinewood Studios in England and was seen in 120 countries.\n\nA joint United Kingdom-France-Canada production, the series picks up the adventures of John Steed as he and his team of \"Avengers\" fight evil plots and world domination. Whereas in the original series Steed had almost always been partnered with a woman, in the new series he had two partners: Mike Gambit, a top agent, crack marksman and trained martial artist, and Purdey, a former trainee with The Royal Ballet who was an amalgam of many of the best talents from Steed's female partners in The Avengers.", "poster_url": "https://www.themoviedb.org/t/p/w600_and_h900_bestv2/kAGQzhdPApR6fpJw7GZbxwEJoRs.jpg", "release_date": "1976-10-22", "media_type": "TV", "external_id": 10360}}, {"model": "mmsapi.media", "pk": 125, "fields": {"title": "The Avengers: United They Stand", "description": "Animated series based on the Marvel Comics superhero team.", "poster_url": "https://www.themoviedb.org/t/p/w600_and_h900_bestv2/p2SrnKTQjLRXBCcTZtYkTZCwLpp.jpg", "release_date": "1999-10-30", "media_type": "TV", "external_id": 1300}}, {"model": "mmsapi.media", "pk": 126, "fields": {"title": "Marvel Disk Wars: The Avengers", "description": "A group of teenagers join forces with the Avengers, Earth's mightiest heroes, to fight against the tyrannical Loki and his mighty empire.", "poster_url": "https://www.themoviedb.org/t/p/w600_and_h900_bestv2/h97gzg5LbUDZ61rAfNmR4OS0AzT.jpg", "release_date": "2014-04-10", "media_type": "TV", "external_id": 70801}}, {"model": "mmsapi.media", "pk": 127, "fields": {"title": "LEGO Marvel Avengers: Climate Conundrum", "description": "The Environmental Clean-up Conference is off to anything but a smooth start when Tony Stark realizes his fellow competitor is his rival Justin Hammer!", "poster_url": "https://www.themoviedb.org/t/p/w600_and_h900_bestv2/vbDbx2FoMgjlaZKdowRYVNpVUYM.jpg", "release_date": "2020-11-02", "media_type": "TV", "external_id": 112851}}, {"model": "mmsapi.media", "pk": 128, "fields": {"title": "The AXI: The Avengers of eXtreme Illusions", "description": "Hip-hop dance fuses with psychedelic sci-fi/fantasy in this cutting-edge webseries.", "poster_url": "https://lascrucesfilmfest.com/wp-content/uploads/2018/01/no-poster-available-737x1024.jpg", "release_date": "2011-07-15", "media_type": "TV", "external_id": 66848}}, {"model": "mmsapi.media", "pk": 129, "fields": {"title": "Avengers Social Club", "description": "Features three women from different walks of life coming together for revenge: a fish store ajumma who envisioned a better life for herself, a housewife who grew up an orphan, and a chaebol’s daughter who was raised like a delicate greenhouse flower. They’re an unlikely trio who would never otherwise meet, but they join forces to carry out their individual revenges. Although they start out as co-conspirators, along the way they’ll build a strong friendship.\n\n~~Based on the webtoon \"Buam-dong Revenge Social Club\"", "poster_url": "https://www.themoviedb.org/t/p/w600_and_h900_bestv2/5UFDwXBLFWGAomUHMAEdONcGyFr.jpg", "release_date": "2017-10-11", "media_type": "TV", "external_id": 74473}}, {"model": "mmsapi.media", "pk": 130, "fields": {"title": "Burka Avengers", "description": "", "poster_url": "https://www.themoviedb.org/t/p/w600_and_h900_bestv2/wLx4PNBtQyXQikYe9XFTuuH1ykB.jpg", "release_date": "2013-07-28", "media_type": "TV", "external_id": 69062}}, {"model": "mmsapi.mmsuser", "pk": 1, "fields": {"bio": "I'm the host of Media Monday Show Podcast and the webmaster of this site.", "profile_image_url": "http://localhost:8000/pics/me_Gtsr2br.jpg", "user_id": 1, "user_type": 1}}, {"model": "mmsapi.mmsuser", "pk": 2, "fields": {"bio": "I'm the other host of the media monday show podcast", "profile_image_url": "http://localhost:8000/pics/John.jpg", "user_id": 2, "user_type": 1}}, {"model": "mmsapi.mmsuser", "pk": 3, "fields": {"bio": "I'm married to spotmonk. I watch all the things.", "profile_image_url": "http://localhost:8000/pics/messages_0.jpeg", "user_id": 3, "user_type": 1}}, {"model": "mmsapi.ranking", "pk": 1, "fields": {"ranking": 2, "media_id": 46, "user_id": 2}}, {"model": "mmsapi.ranking", "pk": 2, "fields": {"ranking": 1, "media_id": 41, "user_id": 2}}, {"model": "mmsapi.ranking", "pk": 3, "fields": {"ranking": 3, "media_id": 53, "user_id": 2}}, {"model": "mmsapi.ranking", "pk": 5, "fields": {"ranking": 4, "media_id": 80, "user_id": 1}}, {"model": "mmsapi.ranking", "pk": 6, "fields": {"ranking": 1, "media_id": 101, "user_id": 1}}, {"model": "mmsapi.ranking", "pk": 7, "fields": {"ranking": 2, "media_id": 102, "user_id": 1}}, {"model": "mmsapi.ranking", "pk": 8, "fields": {"ranking": 3, "media_id": 103, "user_id": 1}}, {"model": "mmsapi.ranking", "pk": 9, "fields": {"ranking": 5, "media_id": 104, "user_id": 1}}, {"model": "mmsapi.toplist", "pk": 1, "fields": {"title": "My First List", "date": "2021-03-21", "user_id": 2, "toplist_items": [1, 2, 3]}}, {"model": "mmsapi.toplist", "pk": 2, "fields": {"title": "A List of Marvel Stuff", "date": "2021-03-21", "user_id": 1, "toplist_items": [4, 5, 6, 7, 8, 9]}}, {"model": "mmsapi.toplistitem", "pk": 1, "fields": {"user_id": 2, "ranking": 1, "media_id": 41}}, {"model": "mmsapi.toplistitem", "pk": 2, "fields": {"user_id": 2, "ranking": 2, "media_id": 46}}, {"model": "mmsapi.toplistitem", "pk": 3, "fields": {"user_id": 2, "ranking": 3, "media_id": 53}}, {"model": "mmsapi.toplistitem", "pk": 4, "fields": {"user_id": 1, "ranking": 1, "media_id": 101}}, {"model": "mmsapi.toplistitem", "pk": 5, "fields": {"user_id": 1, "ranking": 2, "media_id": 102}}, {"model": "mmsapi.toplistitem", "pk": 6, "fields": {"user_id": 1, "ranking": 3, "media_id": 103}}, {"model": "mmsapi.toplistitem", "pk": 7, "fields": {"user_id": 1, "ranking": 4, "media_id": 80}}, {"model": "mmsapi.toplistitem", "pk": 8, "fields": {"user_id": 1, "ranking": 5, "media_id": 46}}, {"model": "mmsapi.toplistitem", "pk": 9, "fields": {"user_id": 1, "ranking": 6, "media_id": 104}}, {"model": "mmsapi.towatch", "pk": 3, "fields": {"media_id": 47, "user_id": 2, "date_added": "2021-03-21"}}, {"model": "mmsapi.towatch", "pk": 4, "fields": {"media_id": 50, "user_id": 2, "date_added": "2021-03-21"}}, {"model": "mmsapi.towatch", "pk": 6, "fields": {"media_id": 54, "user_id": 2, "date_added": "2021-03-21"}}, {"model": "mmsapi.towatch", "pk": 7, "fields": {"media_id": 55, "user_id": 2, "date_added": "2021-03-21"}}, {"model": "mmsapi.watched", "pk": 2, "fields": {"media_id": 41, "user_id": 2, "date_watched": "2021-03-21", "rating": null, "prating": null}}, {"model": "mmsapi.watched", "pk": 3, "fields": {"media_id": 53, "user_id": 2, "date_watched": "2021-03-21", "rating": null, "prating": null}}, {"model": "mmsapi.watched", "pk": 4, "fields": {"media_id": 46, "user_id": 1, "date_watched": "2021-03-21", "rating": null, "prating": null}}, {"model": "mmsapi.watched", "pk": 5, "fields": {"media_id": 80, "user_id": 1, "date_watched": "2021-03-21", "rating": null, "prating": null}}, {"model": "mmsapi.watched", "pk": 6, "fields": {"media_id": 101, "user_id": 1, "date_watched": "2021-03-21", "rating": null, "prating": null}}, {"model": "mmsapi.watched", "pk": 7, "fields": {"media_id": 102, "user_id": 1, "date_watched": "2021-03-21", "rating": null, "prating": null}}, {"model": "mmsapi.watched", "pk": 8, "fields": {"media_id": 103, "user_id": 1, "date_watched": "2021-03-21", "rating": null, "prating": null}}, {"model": "mmsapi.watched", "pk": 9, "fields": {"media_id": 104, "user_id": 1, "date_watched": "2021-03-21", "rating": null, "prating": null}}, {"model": "mmsapi.image", "pk": 1, "fields": {"image_file": "pics/me_Gtsr2br.jpg"}}, {"model": "mmsapi.image", "pk": 2, "fields": {"image_file": "pics/John.jpg"}}, {"model": "mmsapi.image", "pk": 3, "fields": {"image_file": "pics/messages_0.jpeg"}}]